,epoch,train_loss,valid_loss,valid_acc,layers,optimizer,lr,timestamp,source_file
0,1,2.299322508239746,2.281267054748535,0.2331,3,SGD,0.01,20250922_172944,comparison_hidNone_layers3_optSGD_lr0.01_20250922_172944.pkl
1,2,2.2555411712646483,2.2132048728942872,0.3079,3,SGD,0.01,20250922_172944,comparison_hidNone_layers3_optSGD_lr0.01_20250922_172944.pkl
2,3,2.103001528930664,1.9147356452941895,0.3619,3,SGD,0.01,20250922_172944,comparison_hidNone_layers3_optSGD_lr0.01_20250922_172944.pkl
3,4,1.623902647972107,1.2714369966506958,0.6393,3,SGD,0.01,20250922_172944,comparison_hidNone_layers3_optSGD_lr0.01_20250922_172944.pkl
4,5,1.0291573689460753,0.821853045463562,0.7435,3,SGD,0.01,20250922_172944,comparison_hidNone_layers3_optSGD_lr0.01_20250922_172944.pkl
5,6,0.7404400469779968,0.6488456270217896,0.7956,3,SGD,0.01,20250922_172944,comparison_hidNone_layers3_optSGD_lr0.01_20250922_172944.pkl
6,7,0.6145478015422821,0.5626861079216003,0.828,3,SGD,0.01,20250922_172944,comparison_hidNone_layers3_optSGD_lr0.01_20250922_172944.pkl
7,8,0.5478709292411804,0.5119424390792847,0.8443,3,SGD,0.01,20250922_172944,comparison_hidNone_layers3_optSGD_lr0.01_20250922_172944.pkl
8,9,0.504002339887619,0.4762127874851227,0.8572,3,SGD,0.01,20250922_172944,comparison_hidNone_layers3_optSGD_lr0.01_20250922_172944.pkl
9,10,0.470160498046875,0.44793520770072937,0.8671,3,SGD,0.01,20250922_172944,comparison_hidNone_layers3_optSGD_lr0.01_20250922_172944.pkl
10,11,0.44211363167762757,0.4240398050308228,0.8743,3,SGD,0.01,20250922_172944,comparison_hidNone_layers3_optSGD_lr0.01_20250922_172944.pkl
11,12,0.41791280333995817,0.40285451912879944,0.8805,3,SGD,0.01,20250922_172944,comparison_hidNone_layers3_optSGD_lr0.01_20250922_172944.pkl
12,13,0.3965254242897034,0.3845946116447449,0.8861,3,SGD,0.01,20250922_172944,comparison_hidNone_layers3_optSGD_lr0.01_20250922_172944.pkl
13,14,0.37734335808753966,0.3679448061943054,0.8904,3,SGD,0.01,20250922_172944,comparison_hidNone_layers3_optSGD_lr0.01_20250922_172944.pkl
14,15,0.35984046788215635,0.35261957173347475,0.894,3,SGD,0.01,20250922_172944,comparison_hidNone_layers3_optSGD_lr0.01_20250922_172944.pkl
15,16,0.3435419258594513,0.33801374883651736,0.8983,3,SGD,0.01,20250922_172944,comparison_hidNone_layers3_optSGD_lr0.01_20250922_172944.pkl
16,17,0.32806802425384524,0.324277104139328,0.9022,3,SGD,0.01,20250922_172944,comparison_hidNone_layers3_optSGD_lr0.01_20250922_172944.pkl
17,18,0.31342936789989473,0.3113435254096985,0.9066,3,SGD,0.01,20250922_172944,comparison_hidNone_layers3_optSGD_lr0.01_20250922_172944.pkl
18,19,0.2994172060966492,0.2988815498828888,0.9102,3,SGD,0.01,20250922_172944,comparison_hidNone_layers3_optSGD_lr0.01_20250922_172944.pkl
19,20,0.2860397118330002,0.28712330317497253,0.9142,3,SGD,0.01,20250922_172944,comparison_hidNone_layers3_optSGD_lr0.01_20250922_172944.pkl
20,21,0.2731954645872116,0.27604048132896425,0.9179,3,SGD,0.01,20250922_172944,comparison_hidNone_layers3_optSGD_lr0.01_20250922_172944.pkl
21,22,0.2609037206530571,0.26563638532161715,0.9202,3,SGD,0.01,20250922_172944,comparison_hidNone_layers3_optSGD_lr0.01_20250922_172944.pkl
22,23,0.2491426628112793,0.25587446436882016,0.9234,3,SGD,0.01,20250922_172944,comparison_hidNone_layers3_optSGD_lr0.01_20250922_172944.pkl
23,24,0.23792501488924025,0.24652136059999466,0.9265,3,SGD,0.01,20250922_172944,comparison_hidNone_layers3_optSGD_lr0.01_20250922_172944.pkl
24,25,0.22733863542079927,0.23771883056163787,0.9296,3,SGD,0.01,20250922_172944,comparison_hidNone_layers3_optSGD_lr0.01_20250922_172944.pkl
25,26,0.21733337565660477,0.22938673224449158,0.9323,3,SGD,0.01,20250922_172944,comparison_hidNone_layers3_optSGD_lr0.01_20250922_172944.pkl
26,27,0.20795940735340118,0.22257471756935118,0.9332,3,SGD,0.01,20250922_172944,comparison_hidNone_layers3_optSGD_lr0.01_20250922_172944.pkl
27,28,0.19918592684268951,0.21526573956012726,0.9352,3,SGD,0.01,20250922_172944,comparison_hidNone_layers3_optSGD_lr0.01_20250922_172944.pkl
28,29,0.19101714802980424,0.2084400350213051,0.9376,3,SGD,0.01,20250922_172944,comparison_hidNone_layers3_optSGD_lr0.01_20250922_172944.pkl
29,30,0.18337804908752442,0.2020174634695053,0.939,3,SGD,0.01,20250922_172944,comparison_hidNone_layers3_optSGD_lr0.01_20250922_172944.pkl
30,31,0.17627916706204413,0.19615829553604125,0.9415,3,SGD,0.01,20250922_172944,comparison_hidNone_layers3_optSGD_lr0.01_20250922_172944.pkl
31,32,0.16970421026945115,0.19083455681800843,0.943,3,SGD,0.01,20250922_172944,comparison_hidNone_layers3_optSGD_lr0.01_20250922_172944.pkl
32,33,0.16361102417707443,0.18592829188108445,0.9442,3,SGD,0.01,20250922_172944,comparison_hidNone_layers3_optSGD_lr0.01_20250922_172944.pkl
33,34,0.15790614335536957,0.1815620851635933,0.9452,3,SGD,0.01,20250922_172944,comparison_hidNone_layers3_optSGD_lr0.01_20250922_172944.pkl
34,35,0.15258254730701445,0.1773339946627617,0.9465,3,SGD,0.01,20250922_172944,comparison_hidNone_layers3_optSGD_lr0.01_20250922_172944.pkl
35,36,0.14761957337260245,0.17332785525918007,0.9479,3,SGD,0.01,20250922_172944,comparison_hidNone_layers3_optSGD_lr0.01_20250922_172944.pkl
36,37,0.14296916363835335,0.16975435353517532,0.9487,3,SGD,0.01,20250922_172944,comparison_hidNone_layers3_optSGD_lr0.01_20250922_172944.pkl
37,38,0.13859013657569885,0.16638961723446846,0.9499,3,SGD,0.01,20250922_172944,comparison_hidNone_layers3_optSGD_lr0.01_20250922_172944.pkl
38,39,0.13448006130456924,0.16323075988292693,0.9505,3,SGD,0.01,20250922_172944,comparison_hidNone_layers3_optSGD_lr0.01_20250922_172944.pkl
39,40,0.130575549775362,0.16029540531039238,0.9519,3,SGD,0.01,20250922_172944,comparison_hidNone_layers3_optSGD_lr0.01_20250922_172944.pkl
40,41,0.12687741560935975,0.1575911870956421,0.9526,3,SGD,0.01,20250922_172944,comparison_hidNone_layers3_optSGD_lr0.01_20250922_172944.pkl
41,42,0.12333656547665596,0.15514023609757424,0.9528,3,SGD,0.01,20250922_172944,comparison_hidNone_layers3_optSGD_lr0.01_20250922_172944.pkl
42,43,0.1199604644715786,0.15278557379841803,0.9539,3,SGD,0.01,20250922_172944,comparison_hidNone_layers3_optSGD_lr0.01_20250922_172944.pkl
43,44,0.11675455058813095,0.15047939456105233,0.9543,3,SGD,0.01,20250922_172944,comparison_hidNone_layers3_optSGD_lr0.01_20250922_172944.pkl
44,45,0.11368605630993843,0.14832342454195022,0.9548,3,SGD,0.01,20250922_172944,comparison_hidNone_layers3_optSGD_lr0.01_20250922_172944.pkl
45,46,0.110728657117486,0.14632509999871254,0.9555,3,SGD,0.01,20250922_172944,comparison_hidNone_layers3_optSGD_lr0.01_20250922_172944.pkl
46,47,0.10788858247101307,0.1445017950385809,0.9562,3,SGD,0.01,20250922_172944,comparison_hidNone_layers3_optSGD_lr0.01_20250922_172944.pkl
47,48,0.1051464150428772,0.14275836788117885,0.9564,3,SGD,0.01,20250922_172944,comparison_hidNone_layers3_optSGD_lr0.01_20250922_172944.pkl
48,49,0.10249222813844681,0.14110331094563008,0.9568,3,SGD,0.01,20250922_172944,comparison_hidNone_layers3_optSGD_lr0.01_20250922_172944.pkl
49,50,0.09991107479035854,0.13958357293605805,0.9575,3,SGD,0.01,20250922_172944,comparison_hidNone_layers3_optSGD_lr0.01_20250922_172944.pkl
50,1,2.327981693267822,2.316177619934082,0.0974,4,SGD,0.01,20250922_173217,comparison_hidNone_layers4_optSGD_lr0.01_20250922_173217.pkl
51,2,2.3102692153930664,2.3047075344085695,0.101,4,SGD,0.01,20250922_173217,comparison_hidNone_layers4_optSGD_lr0.01_20250922_173217.pkl
52,3,2.3001594787597655,2.29437569770813,0.0999,4,SGD,0.01,20250922_173217,comparison_hidNone_layers4_optSGD_lr0.01_20250922_173217.pkl
53,4,2.2880044452667234,2.2780187469482422,0.1081,4,SGD,0.01,20250922_173217,comparison_hidNone_layers4_optSGD_lr0.01_20250922_173217.pkl
54,5,2.2634191596984863,2.23888659362793,0.0987,4,SGD,0.01,20250922_173217,comparison_hidNone_layers4_optSGD_lr0.01_20250922_173217.pkl
55,6,2.2040782135009764,2.1569548915863037,0.1152,4,SGD,0.01,20250922_173217,comparison_hidNone_layers4_optSGD_lr0.01_20250922_173217.pkl
56,7,2.121446802520752,2.0774811424255373,0.163,4,SGD,0.01,20250922_173217,comparison_hidNone_layers4_optSGD_lr0.01_20250922_173217.pkl
57,8,2.054168556022644,2.0189630043029787,0.1902,4,SGD,0.01,20250922_173217,comparison_hidNone_layers4_optSGD_lr0.01_20250922_173217.pkl
58,9,2.0035406593322755,1.9726093452453612,0.2041,4,SGD,0.01,20250922_173217,comparison_hidNone_layers4_optSGD_lr0.01_20250922_173217.pkl
59,10,1.9609400207519532,1.9313947034835814,0.2164,4,SGD,0.01,20250922_173217,comparison_hidNone_layers4_optSGD_lr0.01_20250922_173217.pkl
60,11,1.9207599411010743,1.8918455009460449,0.2289,4,SGD,0.01,20250922_173217,comparison_hidNone_layers4_optSGD_lr0.01_20250922_173217.pkl
61,12,1.881153542327881,1.8519678318023682,0.2436,4,SGD,0.01,20250922_173217,comparison_hidNone_layers4_optSGD_lr0.01_20250922_173217.pkl
62,13,1.841108437538147,1.8116642679214479,0.2607,4,SGD,0.01,20250922_173217,comparison_hidNone_layers4_optSGD_lr0.01_20250922_173217.pkl
63,14,1.8004920391082764,1.7709870252609252,0.2812,4,SGD,0.01,20250922_173217,comparison_hidNone_layers4_optSGD_lr0.01_20250922_173217.pkl
64,15,1.7606267196655274,1.7322326726913453,0.3028,4,SGD,0.01,20250922_173217,comparison_hidNone_layers4_optSGD_lr0.01_20250922_173217.pkl
65,16,1.7227957908630371,1.696380200767517,0.3168,4,SGD,0.01,20250922_173217,comparison_hidNone_layers4_optSGD_lr0.01_20250922_173217.pkl
66,17,1.687997678756714,1.6636279684066773,0.3354,4,SGD,0.01,20250922_173217,comparison_hidNone_layers4_optSGD_lr0.01_20250922_173217.pkl
67,18,1.6568440330505372,1.6345197694778442,0.3496,4,SGD,0.01,20250922_173217,comparison_hidNone_layers4_optSGD_lr0.01_20250922_173217.pkl
68,19,1.6290470777511596,1.6096962453842163,0.3562,4,SGD,0.01,20250922_173217,comparison_hidNone_layers4_optSGD_lr0.01_20250922_173217.pkl
69,20,1.6038312942504882,1.587257576751709,0.3723,4,SGD,0.01,20250922_173217,comparison_hidNone_layers4_optSGD_lr0.01_20250922_173217.pkl
70,21,1.5810911123275757,1.5674571842193603,0.3857,4,SGD,0.01,20250922_173217,comparison_hidNone_layers4_optSGD_lr0.01_20250922_173217.pkl
71,22,1.5601242988586426,1.5502231706619263,0.3919,4,SGD,0.01,20250922_173217,comparison_hidNone_layers4_optSGD_lr0.01_20250922_173217.pkl
72,23,1.5415821199417115,1.534877952003479,0.395,4,SGD,0.01,20250922_173217,comparison_hidNone_layers4_optSGD_lr0.01_20250922_173217.pkl
73,24,1.5239239938735962,1.5209958389282228,0.4047,4,SGD,0.01,20250922_173217,comparison_hidNone_layers4_optSGD_lr0.01_20250922_173217.pkl
74,25,1.5077680522918702,1.5079680532455444,0.4113,4,SGD,0.01,20250922_173217,comparison_hidNone_layers4_optSGD_lr0.01_20250922_173217.pkl
75,26,1.4921907344818115,1.4952205465316772,0.4151,4,SGD,0.01,20250922_173217,comparison_hidNone_layers4_optSGD_lr0.01_20250922_173217.pkl
76,27,1.4786917673110962,1.4830964433670044,0.4211,4,SGD,0.01,20250922_173217,comparison_hidNone_layers4_optSGD_lr0.01_20250922_173217.pkl
77,28,1.4649041036605834,1.4731437183380127,0.4269,4,SGD,0.01,20250922_173217,comparison_hidNone_layers4_optSGD_lr0.01_20250922_173217.pkl
78,29,1.4518224201202392,1.462443416595459,0.4317,4,SGD,0.01,20250922_173217,comparison_hidNone_layers4_optSGD_lr0.01_20250922_173217.pkl
79,30,1.4411444301605225,1.4550569648742675,0.4352,4,SGD,0.01,20250922_173217,comparison_hidNone_layers4_optSGD_lr0.01_20250922_173217.pkl
80,31,1.4294088676452636,1.4458868579864501,0.4388,4,SGD,0.01,20250922_173217,comparison_hidNone_layers4_optSGD_lr0.01_20250922_173217.pkl
81,32,1.4178439247131347,1.4356717052459718,0.4368,4,SGD,0.01,20250922_173217,comparison_hidNone_layers4_optSGD_lr0.01_20250922_173217.pkl
82,33,1.4067976390838624,1.4264907787322998,0.4433,4,SGD,0.01,20250922_173217,comparison_hidNone_layers4_optSGD_lr0.01_20250922_173217.pkl
83,34,1.3944204444885253,1.4370775709152221,0.4046,4,SGD,0.01,20250922_173217,comparison_hidNone_layers4_optSGD_lr0.01_20250922_173217.pkl
84,35,1.3845544025421141,1.4260329113006591,0.4164,4,SGD,0.01,20250922_173217,comparison_hidNone_layers4_optSGD_lr0.01_20250922_173217.pkl
85,36,1.3721392848968506,1.4202024307250976,0.418,4,SGD,0.01,20250922_173217,comparison_hidNone_layers4_optSGD_lr0.01_20250922_173217.pkl
86,37,1.3640874124526978,1.4606913761138915,0.3317,4,SGD,0.01,20250922_173217,comparison_hidNone_layers4_optSGD_lr0.01_20250922_173217.pkl
87,38,1.3523040367126464,1.4354003190994262,0.365,4,SGD,0.01,20250922_173217,comparison_hidNone_layers4_optSGD_lr0.01_20250922_173217.pkl
88,39,1.3436609725952149,1.4009282400131227,0.4475,4,SGD,0.01,20250922_173217,comparison_hidNone_layers4_optSGD_lr0.01_20250922_173217.pkl
89,40,1.3367662675857543,1.395982893371582,0.4582,4,SGD,0.01,20250922_173217,comparison_hidNone_layers4_optSGD_lr0.01_20250922_173217.pkl
90,41,1.329423547744751,1.3878466926574706,0.4452,4,SGD,0.01,20250922_173217,comparison_hidNone_layers4_optSGD_lr0.01_20250922_173217.pkl
91,42,1.3186981395721435,1.3973312940597533,0.4241,4,SGD,0.01,20250922_173217,comparison_hidNone_layers4_optSGD_lr0.01_20250922_173217.pkl
92,43,1.3132333904266358,1.3789351516723634,0.4678,4,SGD,0.01,20250922_173217,comparison_hidNone_layers4_optSGD_lr0.01_20250922_173217.pkl
93,44,1.303310758972168,1.3685800674438477,0.478,4,SGD,0.01,20250922_173217,comparison_hidNone_layers4_optSGD_lr0.01_20250922_173217.pkl
94,45,1.29608059425354,1.3653254201889038,0.4786,4,SGD,0.01,20250922_173217,comparison_hidNone_layers4_optSGD_lr0.01_20250922_173217.pkl
95,46,1.2935157693862915,1.365690207862854,0.4592,4,SGD,0.01,20250922_173217,comparison_hidNone_layers4_optSGD_lr0.01_20250922_173217.pkl
96,47,1.2863925466537476,1.4679780149459838,0.3329,4,SGD,0.01,20250922_173217,comparison_hidNone_layers4_optSGD_lr0.01_20250922_173217.pkl
97,48,1.2825601356506349,1.393783980178833,0.4759,4,SGD,0.01,20250922_173217,comparison_hidNone_layers4_optSGD_lr0.01_20250922_173217.pkl
98,49,1.2733218029022217,1.3704896390914918,0.4511,4,SGD,0.01,20250922_173217,comparison_hidNone_layers4_optSGD_lr0.01_20250922_173217.pkl
99,50,1.2655001358032227,1.4084786945343017,0.3726,4,SGD,0.01,20250922_173217,comparison_hidNone_layers4_optSGD_lr0.01_20250922_173217.pkl
100,1,2.296767698287964,2.278647599411011,0.1789,3,SGD,0.01,20250922_172836,comparison_hidNone_layers3_optSGD_lr0.01_20250922_172836.pkl
101,2,2.2442472484588625,2.185035665130615,0.326,3,SGD,0.01,20250922_172836,comparison_hidNone_layers3_optSGD_lr0.01_20250922_172836.pkl
102,3,2.0373983713150023,1.8008478801727295,0.4619,3,SGD,0.01,20250922_172836,comparison_hidNone_layers3_optSGD_lr0.01_20250922_172836.pkl
103,4,1.5344882215499878,1.2851819801330566,0.5809,3,SGD,0.01,20250922_172836,comparison_hidNone_layers3_optSGD_lr0.01_20250922_172836.pkl
104,5,1.1075477631568909,0.9412859708786011,0.702,3,SGD,0.01,20250922_172836,comparison_hidNone_layers3_optSGD_lr0.01_20250922_172836.pkl
105,6,0.8186536568641662,0.700732505607605,0.7876,3,SGD,0.01,20250922_172836,comparison_hidNone_layers3_optSGD_lr0.01_20250922_172836.pkl
106,7,0.6442701003074646,0.5808183149337769,0.8262,3,SGD,0.01,20250922_172836,comparison_hidNone_layers3_optSGD_lr0.01_20250922_172836.pkl
107,8,0.5533957933425904,0.5137327061653137,0.8477,3,SGD,0.01,20250922_172836,comparison_hidNone_layers3_optSGD_lr0.01_20250922_172836.pkl
108,9,0.49654083151817324,0.4692220640182495,0.8606,3,SGD,0.01,20250922_172836,comparison_hidNone_layers3_optSGD_lr0.01_20250922_172836.pkl
109,10,0.4555828835964203,0.4354869015693665,0.8714,3,SGD,0.01,20250922_172836,comparison_hidNone_layers3_optSGD_lr0.01_20250922_172836.pkl
110,11,0.4230573566436768,0.4077465547084808,0.8787,3,SGD,0.01,20250922_172836,comparison_hidNone_layers3_optSGD_lr0.01_20250922_172836.pkl
111,12,0.39581286845207214,0.38365640683174135,0.8859,3,SGD,0.01,20250922_172836,comparison_hidNone_layers3_optSGD_lr0.01_20250922_172836.pkl
112,13,0.3722096917629242,0.3624749626159668,0.8911,3,SGD,0.01,20250922_172836,comparison_hidNone_layers3_optSGD_lr0.01_20250922_172836.pkl
113,14,0.3514638692140579,0.34343469619750977,0.8971,3,SGD,0.01,20250922_172836,comparison_hidNone_layers3_optSGD_lr0.01_20250922_172836.pkl
114,15,0.3329288793087006,0.3265500904798508,0.9023,3,SGD,0.01,20250922_172836,comparison_hidNone_layers3_optSGD_lr0.01_20250922_172836.pkl
115,16,0.31619104285240174,0.31144191958904266,0.906,3,SGD,0.01,20250922_172836,comparison_hidNone_layers3_optSGD_lr0.01_20250922_172836.pkl
116,17,0.3009967139840126,0.2977392475128174,0.9102,3,SGD,0.01,20250922_172836,comparison_hidNone_layers3_optSGD_lr0.01_20250922_172836.pkl
117,18,0.2870729835987091,0.28520042324066164,0.9148,3,SGD,0.01,20250922_172836,comparison_hidNone_layers3_optSGD_lr0.01_20250922_172836.pkl
118,19,0.27416215355396273,0.27397980782985687,0.9174,3,SGD,0.01,20250922_172836,comparison_hidNone_layers3_optSGD_lr0.01_20250922_172836.pkl
119,20,0.2622406004905701,0.2634550528883934,0.9205,3,SGD,0.01,20250922_172836,comparison_hidNone_layers3_optSGD_lr0.01_20250922_172836.pkl
120,21,0.25113024990558624,0.2535003984928131,0.9229,3,SGD,0.01,20250922_172836,comparison_hidNone_layers3_optSGD_lr0.01_20250922_172836.pkl
121,22,0.2407397394657135,0.24436665838956834,0.9271,3,SGD,0.01,20250922_172836,comparison_hidNone_layers3_optSGD_lr0.01_20250922_172836.pkl
122,23,0.23104041788578034,0.23587790669202804,0.93,3,SGD,0.01,20250922_172836,comparison_hidNone_layers3_optSGD_lr0.01_20250922_172836.pkl
123,24,0.22190541899204255,0.22793832701444625,0.9324,3,SGD,0.01,20250922_172836,comparison_hidNone_layers3_optSGD_lr0.01_20250922_172836.pkl
124,25,0.21332342842817306,0.220529767370224,0.9351,3,SGD,0.01,20250922_172836,comparison_hidNone_layers3_optSGD_lr0.01_20250922_172836.pkl
125,26,0.2052703760266304,0.21361692955493927,0.938,3,SGD,0.01,20250922_172836,comparison_hidNone_layers3_optSGD_lr0.01_20250922_172836.pkl
126,27,0.19765213599801063,0.2070422614097595,0.9403,3,SGD,0.01,20250922_172836,comparison_hidNone_layers3_optSGD_lr0.01_20250922_172836.pkl
127,28,0.1904852201104164,0.20102100554704666,0.942,3,SGD,0.01,20250922_172836,comparison_hidNone_layers3_optSGD_lr0.01_20250922_172836.pkl
128,29,0.18371931235790254,0.19539559832811357,0.9439,3,SGD,0.01,20250922_172836,comparison_hidNone_layers3_optSGD_lr0.01_20250922_172836.pkl
129,30,0.17735502420067786,0.19010741227269173,0.9463,3,SGD,0.01,20250922_172836,comparison_hidNone_layers3_optSGD_lr0.01_20250922_172836.pkl
130,31,0.1713646939277649,0.18508692500591278,0.9477,3,SGD,0.01,20250922_172836,comparison_hidNone_layers3_optSGD_lr0.01_20250922_172836.pkl
131,32,0.16573763545751571,0.18038673205375672,0.9495,3,SGD,0.01,20250922_172836,comparison_hidNone_layers3_optSGD_lr0.01_20250922_172836.pkl
132,33,0.16039112078547477,0.17595065277814864,0.9503,3,SGD,0.01,20250922_172836,comparison_hidNone_layers3_optSGD_lr0.01_20250922_172836.pkl
133,34,0.1553330058455467,0.1717488509118557,0.9516,3,SGD,0.01,20250922_172836,comparison_hidNone_layers3_optSGD_lr0.01_20250922_172836.pkl
134,35,0.1505159044265747,0.1677908826470375,0.9525,3,SGD,0.01,20250922_172836,comparison_hidNone_layers3_optSGD_lr0.01_20250922_172836.pkl
135,36,0.14591169189810752,0.16406475468873977,0.9539,3,SGD,0.01,20250922_172836,comparison_hidNone_layers3_optSGD_lr0.01_20250922_172836.pkl
136,37,0.14148737405538558,0.1606246341884136,0.9543,3,SGD,0.01,20250922_172836,comparison_hidNone_layers3_optSGD_lr0.01_20250922_172836.pkl
137,38,0.13727121906280518,0.15727529537975787,0.9548,3,SGD,0.01,20250922_172836,comparison_hidNone_layers3_optSGD_lr0.01_20250922_172836.pkl
138,39,0.13323758364915847,0.15412616069018842,0.9556,3,SGD,0.01,20250922_172836,comparison_hidNone_layers3_optSGD_lr0.01_20250922_172836.pkl
139,40,0.12936738417744637,0.151205427262187,0.9565,3,SGD,0.01,20250922_172836,comparison_hidNone_layers3_optSGD_lr0.01_20250922_172836.pkl
140,41,0.12567341713309288,0.14845209464430809,0.9569,3,SGD,0.01,20250922_172836,comparison_hidNone_layers3_optSGD_lr0.01_20250922_172836.pkl
141,42,0.1221686193048954,0.14632746462523938,0.9576,3,SGD,0.01,20250922_172836,comparison_hidNone_layers3_optSGD_lr0.01_20250922_172836.pkl
142,43,0.11877867079079152,0.14384107985198497,0.9581,3,SGD,0.01,20250922_172836,comparison_hidNone_layers3_optSGD_lr0.01_20250922_172836.pkl
143,44,0.11549789231419563,0.14150850900113582,0.959,3,SGD,0.01,20250922_172836,comparison_hidNone_layers3_optSGD_lr0.01_20250922_172836.pkl
144,45,0.11235106428265572,0.13939595427960158,0.9594,3,SGD,0.01,20250922_172836,comparison_hidNone_layers3_optSGD_lr0.01_20250922_172836.pkl
145,46,0.10931617433130741,0.13743547630459071,0.9595,3,SGD,0.01,20250922_172836,comparison_hidNone_layers3_optSGD_lr0.01_20250922_172836.pkl
146,47,0.106400904199481,0.13545911094993354,0.9603,3,SGD,0.01,20250922_172836,comparison_hidNone_layers3_optSGD_lr0.01_20250922_172836.pkl
147,48,0.10356807364821434,0.13371046517044305,0.9608,3,SGD,0.01,20250922_172836,comparison_hidNone_layers3_optSGD_lr0.01_20250922_172836.pkl
148,49,0.10082441563606262,0.13195614691227675,0.9609,3,SGD,0.01,20250922_172836,comparison_hidNone_layers3_optSGD_lr0.01_20250922_172836.pkl
149,50,0.09820827513635158,0.13027030298113823,0.9612,3,SGD,0.01,20250922_172836,comparison_hidNone_layers3_optSGD_lr0.01_20250922_172836.pkl
150,1,1.9348933652877807,1.4306992835998535,0.7709,1,SGD,0.01,20250922_172213,comparison_hidNone_layers1_optSGD_lr0.01_20250922_172213.pkl
151,2,1.0690047072410584,0.7893713453292847,0.8373,1,SGD,0.01,20250922_172213,comparison_hidNone_layers1_optSGD_lr0.01_20250922_172213.pkl
152,3,0.6873635707855225,0.5797676637172698,0.8663,1,SGD,0.01,20250922_172213,comparison_hidNone_layers1_optSGD_lr0.01_20250922_172213.pkl
153,4,0.545612630367279,0.4860932909011841,0.8805,1,SGD,0.01,20250922_172213,comparison_hidNone_layers1_optSGD_lr0.01_20250922_172213.pkl
154,5,0.47450184178352356,0.43395890107154844,0.8884,1,SGD,0.01,20250922_172213,comparison_hidNone_layers1_optSGD_lr0.01_20250922_172213.pkl
155,6,0.4318997922897339,0.40095390105247497,0.8932,1,SGD,0.01,20250922_172213,comparison_hidNone_layers1_optSGD_lr0.01_20250922_172213.pkl
156,7,0.4033703989982605,0.37809102532863614,0.8971,1,SGD,0.01,20250922_172213,comparison_hidNone_layers1_optSGD_lr0.01_20250922_172213.pkl
157,8,0.3826882269859314,0.3611570435285568,0.9,1,SGD,0.01,20250922_172213,comparison_hidNone_layers1_optSGD_lr0.01_20250922_172213.pkl
158,9,0.36676148986816404,0.34794087433815,0.902,1,SGD,0.01,20250922_172213,comparison_hidNone_layers1_optSGD_lr0.01_20250922_172213.pkl
159,10,0.3538988888025284,0.33717914555072787,0.9049,1,SGD,0.01,20250922_172213,comparison_hidNone_layers1_optSGD_lr0.01_20250922_172213.pkl
160,11,0.34313380246162417,0.32810801916122434,0.9076,1,SGD,0.01,20250922_172213,comparison_hidNone_layers1_optSGD_lr0.01_20250922_172213.pkl
161,12,0.33385217814445495,0.3202692337989807,0.9094,1,SGD,0.01,20250922_172213,comparison_hidNone_layers1_optSGD_lr0.01_20250922_172213.pkl
162,13,0.3256769798755646,0.31335312447547914,0.9116,1,SGD,0.01,20250922_172213,comparison_hidNone_layers1_optSGD_lr0.01_20250922_172213.pkl
163,14,0.3183503036260605,0.3071539866924286,0.9133,1,SGD,0.01,20250922_172213,comparison_hidNone_layers1_optSGD_lr0.01_20250922_172213.pkl
164,15,0.3116882075309753,0.3015156687498093,0.9156,1,SGD,0.01,20250922_172213,comparison_hidNone_layers1_optSGD_lr0.01_20250922_172213.pkl
165,16,0.30555627570152283,0.2963139269828796,0.9175,1,SGD,0.01,20250922_172213,comparison_hidNone_layers1_optSGD_lr0.01_20250922_172213.pkl
166,17,0.2998468186855316,0.2914654328107834,0.919,1,SGD,0.01,20250922_172213,comparison_hidNone_layers1_optSGD_lr0.01_20250922_172213.pkl
167,18,0.2944933145046234,0.2869196921348572,0.9205,1,SGD,0.01,20250922_172213,comparison_hidNone_layers1_optSGD_lr0.01_20250922_172213.pkl
168,19,0.2894294714808464,0.2826081242322922,0.9213,1,SGD,0.01,20250922_172213,comparison_hidNone_layers1_optSGD_lr0.01_20250922_172213.pkl
169,20,0.28460947123765945,0.2784919479370117,0.9217,1,SGD,0.01,20250922_172213,comparison_hidNone_layers1_optSGD_lr0.01_20250922_172213.pkl
170,21,0.28000974897146225,0.2745597865343094,0.9227,1,SGD,0.01,20250922_172213,comparison_hidNone_layers1_optSGD_lr0.01_20250922_172213.pkl
171,22,0.275606265604496,0.2708025736093521,0.9236,1,SGD,0.01,20250922_172213,comparison_hidNone_layers1_optSGD_lr0.01_20250922_172213.pkl
172,23,0.2713807431459427,0.2671630137681961,0.9246,1,SGD,0.01,20250922_172213,comparison_hidNone_layers1_optSGD_lr0.01_20250922_172213.pkl
173,24,0.26730059690475466,0.263637943482399,0.9259,1,SGD,0.01,20250922_172213,comparison_hidNone_layers1_optSGD_lr0.01_20250922_172213.pkl
174,25,0.2633572350978851,0.2602300842285156,0.9271,1,SGD,0.01,20250922_172213,comparison_hidNone_layers1_optSGD_lr0.01_20250922_172213.pkl
175,26,0.2595445253252983,0.256937499833107,0.9284,1,SGD,0.01,20250922_172213,comparison_hidNone_layers1_optSGD_lr0.01_20250922_172213.pkl
176,27,0.2558551529407501,0.2537270866155624,0.9288,1,SGD,0.01,20250922_172213,comparison_hidNone_layers1_optSGD_lr0.01_20250922_172213.pkl
177,28,0.25227953871488573,0.25062744899988176,0.9296,1,SGD,0.01,20250922_172213,comparison_hidNone_layers1_optSGD_lr0.01_20250922_172213.pkl
178,29,0.24880800645351409,0.24759384375810622,0.9309,1,SGD,0.01,20250922_172213,comparison_hidNone_layers1_optSGD_lr0.01_20250922_172213.pkl
179,30,0.24543716300725937,0.24465219324827195,0.9314,1,SGD,0.01,20250922_172213,comparison_hidNone_layers1_optSGD_lr0.01_20250922_172213.pkl
180,31,0.24216777620315552,0.24179004411697388,0.9317,1,SGD,0.01,20250922_172213,comparison_hidNone_layers1_optSGD_lr0.01_20250922_172213.pkl
181,32,0.23899341405630112,0.23901508173942565,0.9321,1,SGD,0.01,20250922_172213,comparison_hidNone_layers1_optSGD_lr0.01_20250922_172213.pkl
182,33,0.23589969755411147,0.23631749258041382,0.932,1,SGD,0.01,20250922_172213,comparison_hidNone_layers1_optSGD_lr0.01_20250922_172213.pkl
183,34,0.2328829501271248,0.23369726181030273,0.9332,1,SGD,0.01,20250922_172213,comparison_hidNone_layers1_optSGD_lr0.01_20250922_172213.pkl
184,35,0.2299412708878517,0.23114238433837891,0.934,1,SGD,0.01,20250922_172213,comparison_hidNone_layers1_optSGD_lr0.01_20250922_172213.pkl
185,36,0.22708422716856003,0.22866544716358184,0.9348,1,SGD,0.01,20250922_172213,comparison_hidNone_layers1_optSGD_lr0.01_20250922_172213.pkl
186,37,0.2243000503897667,0.22624833760261537,0.9355,1,SGD,0.01,20250922_172213,comparison_hidNone_layers1_optSGD_lr0.01_20250922_172213.pkl
187,38,0.22157825226783753,0.22388564212322234,0.9362,1,SGD,0.01,20250922_172213,comparison_hidNone_layers1_optSGD_lr0.01_20250922_172213.pkl
188,39,0.21891418157815934,0.22156188132762908,0.9374,1,SGD,0.01,20250922_172213,comparison_hidNone_layers1_optSGD_lr0.01_20250922_172213.pkl
189,40,0.21630453658103943,0.21929287898540498,0.9381,1,SGD,0.01,20250922_172213,comparison_hidNone_layers1_optSGD_lr0.01_20250922_172213.pkl
190,41,0.21374746503829956,0.21708298614025115,0.9386,1,SGD,0.01,20250922_172213,comparison_hidNone_layers1_optSGD_lr0.01_20250922_172213.pkl
191,42,0.2112489316701889,0.21493324822187423,0.9393,1,SGD,0.01,20250922_172213,comparison_hidNone_layers1_optSGD_lr0.01_20250922_172213.pkl
192,43,0.20880223371982576,0.2128208565711975,0.9401,1,SGD,0.01,20250922_172213,comparison_hidNone_layers1_optSGD_lr0.01_20250922_172213.pkl
193,44,0.20640458233356476,0.21074883990287782,0.9409,1,SGD,0.01,20250922_172213,comparison_hidNone_layers1_optSGD_lr0.01_20250922_172213.pkl
194,45,0.2040532401561737,0.20871841142177583,0.9413,1,SGD,0.01,20250922_172213,comparison_hidNone_layers1_optSGD_lr0.01_20250922_172213.pkl
195,46,0.20174517905712128,0.20672153829336165,0.9419,1,SGD,0.01,20250922_172213,comparison_hidNone_layers1_optSGD_lr0.01_20250922_172213.pkl
196,47,0.1994848274230957,0.20476893612146377,0.942,1,SGD,0.01,20250922_172213,comparison_hidNone_layers1_optSGD_lr0.01_20250922_172213.pkl
197,48,0.1972711879014969,0.20285851761102677,0.9423,1,SGD,0.01,20250922_172213,comparison_hidNone_layers1_optSGD_lr0.01_20250922_172213.pkl
198,49,0.1951029282927513,0.2009817551255226,0.9428,1,SGD,0.01,20250922_172213,comparison_hidNone_layers1_optSGD_lr0.01_20250922_172213.pkl
199,50,0.19297781031131744,0.19913991264104844,0.9439,1,SGD,0.01,20250922_172213,comparison_hidNone_layers1_optSGD_lr0.01_20250922_172213.pkl
200,1,2.2266826572418212,2.0968547779083253,0.4683,2,SGD,0.01,20250922_172506,comparison_hidNone_layers2_optSGD_lr0.01_20250922_172506.pkl
201,2,1.7947315525054932,1.3785285961151124,0.7233,2,SGD,0.01,20250922_172506,comparison_hidNone_layers2_optSGD_lr0.01_20250922_172506.pkl
202,3,1.0390038757324218,0.7685182931900024,0.8097,2,SGD,0.01,20250922_172506,comparison_hidNone_layers2_optSGD_lr0.01_20250922_172506.pkl
203,4,0.6682979403495789,0.5654574495315552,0.8472,2,SGD,0.01,20250922_172506,comparison_hidNone_layers2_optSGD_lr0.01_20250922_172506.pkl
204,5,0.5305928950309753,0.4739080639362335,0.8688,2,SGD,0.01,20250922_172506,comparison_hidNone_layers2_optSGD_lr0.01_20250922_172506.pkl
205,6,0.46138219652175905,0.4221625665664673,0.8834,2,SGD,0.01,20250922_172506,comparison_hidNone_layers2_optSGD_lr0.01_20250922_172506.pkl
206,7,0.4196005724430084,0.3893654978275299,0.8899,2,SGD,0.01,20250922_172506,comparison_hidNone_layers2_optSGD_lr0.01_20250922_172506.pkl
207,8,0.3913540499687195,0.36652872986793517,0.8946,2,SGD,0.01,20250922_172506,comparison_hidNone_layers2_optSGD_lr0.01_20250922_172506.pkl
208,9,0.3705613302946091,0.349387197303772,0.8997,2,SGD,0.01,20250922_172506,comparison_hidNone_layers2_optSGD_lr0.01_20250922_172506.pkl
209,10,0.354224671626091,0.3357672986984253,0.903,2,SGD,0.01,20250922_172506,comparison_hidNone_layers2_optSGD_lr0.01_20250922_172506.pkl
210,11,0.3407346091270447,0.3243923940181732,0.9054,2,SGD,0.01,20250922_172506,comparison_hidNone_layers2_optSGD_lr0.01_20250922_172506.pkl
211,12,0.3291542120695114,0.3145375368356705,0.9087,2,SGD,0.01,20250922_172506,comparison_hidNone_layers2_optSGD_lr0.01_20250922_172506.pkl
212,13,0.3189444336652756,0.3058536152124405,0.9107,2,SGD,0.01,20250922_172506,comparison_hidNone_layers2_optSGD_lr0.01_20250922_172506.pkl
213,14,0.30970185774564746,0.29798263852596285,0.9133,2,SGD,0.01,20250922_172506,comparison_hidNone_layers2_optSGD_lr0.01_20250922_172506.pkl
214,15,0.30121842416524885,0.2907556900024414,0.9167,2,SGD,0.01,20250922_172506,comparison_hidNone_layers2_optSGD_lr0.01_20250922_172506.pkl
215,16,0.29335906138420104,0.28404867703914644,0.9189,2,SGD,0.01,20250922_172506,comparison_hidNone_layers2_optSGD_lr0.01_20250922_172506.pkl
216,17,0.2859850666761398,0.2777592700481415,0.9206,2,SGD,0.01,20250922_172506,comparison_hidNone_layers2_optSGD_lr0.01_20250922_172506.pkl
217,18,0.2790115860939026,0.27177207369804385,0.9215,2,SGD,0.01,20250922_172506,comparison_hidNone_layers2_optSGD_lr0.01_20250922_172506.pkl
218,19,0.2724000872254372,0.2660582601070404,0.9239,2,SGD,0.01,20250922_172506,comparison_hidNone_layers2_optSGD_lr0.01_20250922_172506.pkl
219,20,0.2660646023511887,0.2605469782114029,0.9252,2,SGD,0.01,20250922_172506,comparison_hidNone_layers2_optSGD_lr0.01_20250922_172506.pkl
220,21,0.259977472114563,0.2552602928876877,0.9263,2,SGD,0.01,20250922_172506,comparison_hidNone_layers2_optSGD_lr0.01_20250922_172506.pkl
221,22,0.25412313879728315,0.2501609540224075,0.9272,2,SGD,0.01,20250922_172506,comparison_hidNone_layers2_optSGD_lr0.01_20250922_172506.pkl
222,23,0.24847918306589126,0.24522593376636506,0.929,2,SGD,0.01,20250922_172506,comparison_hidNone_layers2_optSGD_lr0.01_20250922_172506.pkl
223,24,0.243011949801445,0.24043895395994186,0.9304,2,SGD,0.01,20250922_172506,comparison_hidNone_layers2_optSGD_lr0.01_20250922_172506.pkl
224,25,0.23772722622156142,0.23577141768932341,0.9321,2,SGD,0.01,20250922_172506,comparison_hidNone_layers2_optSGD_lr0.01_20250922_172506.pkl
225,26,0.2325952113866806,0.23126123876571655,0.9338,2,SGD,0.01,20250922_172506,comparison_hidNone_layers2_optSGD_lr0.01_20250922_172506.pkl
226,27,0.22763508076667785,0.22687497553825378,0.9351,2,SGD,0.01,20250922_172506,comparison_hidNone_layers2_optSGD_lr0.01_20250922_172506.pkl
227,28,0.22282293138504028,0.22267556960582732,0.9359,2,SGD,0.01,20250922_172506,comparison_hidNone_layers2_optSGD_lr0.01_20250922_172506.pkl
228,29,0.21818933019638062,0.21856603627204896,0.9371,2,SGD,0.01,20250922_172506,comparison_hidNone_layers2_optSGD_lr0.01_20250922_172506.pkl
229,30,0.21371401934623718,0.21463827505111693,0.9378,2,SGD,0.01,20250922_172506,comparison_hidNone_layers2_optSGD_lr0.01_20250922_172506.pkl
230,31,0.20939673128128053,0.21083911041021347,0.9384,2,SGD,0.01,20250922_172506,comparison_hidNone_layers2_optSGD_lr0.01_20250922_172506.pkl
231,32,0.20522120891213416,0.20718577299118043,0.9397,2,SGD,0.01,20250922_172506,comparison_hidNone_layers2_optSGD_lr0.01_20250922_172506.pkl
232,33,0.2011785355746746,0.20365298730134965,0.9408,2,SGD,0.01,20250922_172506,comparison_hidNone_layers2_optSGD_lr0.01_20250922_172506.pkl
233,34,0.197259608066082,0.20024193778038024,0.9417,2,SGD,0.01,20250922_172506,comparison_hidNone_layers2_optSGD_lr0.01_20250922_172506.pkl
234,35,0.1934680724143982,0.19698194549083708,0.9424,2,SGD,0.01,20250922_172506,comparison_hidNone_layers2_optSGD_lr0.01_20250922_172506.pkl
235,36,0.18979166152477264,0.1938273436307907,0.9435,2,SGD,0.01,20250922_172506,comparison_hidNone_layers2_optSGD_lr0.01_20250922_172506.pkl
236,37,0.1862166588485241,0.190763778924942,0.9446,2,SGD,0.01,20250922_172506,comparison_hidNone_layers2_optSGD_lr0.01_20250922_172506.pkl
237,38,0.18275333306789399,0.187829515594244,0.9453,2,SGD,0.01,20250922_172506,comparison_hidNone_layers2_optSGD_lr0.01_20250922_172506.pkl
238,39,0.1794039568543434,0.18495109933018683,0.9462,2,SGD,0.01,20250922_172506,comparison_hidNone_layers2_optSGD_lr0.01_20250922_172506.pkl
239,40,0.17613942525982856,0.18216623099446297,0.9469,2,SGD,0.01,20250922_172506,comparison_hidNone_layers2_optSGD_lr0.01_20250922_172506.pkl
240,41,0.17296860089302063,0.1794701456308365,0.9472,2,SGD,0.01,20250922_172506,comparison_hidNone_layers2_optSGD_lr0.01_20250922_172506.pkl
241,42,0.16988873118758202,0.1768694149494171,0.9478,2,SGD,0.01,20250922_172506,comparison_hidNone_layers2_optSGD_lr0.01_20250922_172506.pkl
242,43,0.16689911478757857,0.17436635625362396,0.9482,2,SGD,0.01,20250922_172506,comparison_hidNone_layers2_optSGD_lr0.01_20250922_172506.pkl
243,44,0.16398588743209838,0.17194513219594956,0.9491,2,SGD,0.01,20250922_172506,comparison_hidNone_layers2_optSGD_lr0.01_20250922_172506.pkl
244,45,0.1611467789709568,0.1695749781370163,0.9503,2,SGD,0.01,20250922_172506,comparison_hidNone_layers2_optSGD_lr0.01_20250922_172506.pkl
245,46,0.15838667519092559,0.167312768137455,0.9509,2,SGD,0.01,20250922_172506,comparison_hidNone_layers2_optSGD_lr0.01_20250922_172506.pkl
246,47,0.15569929711818695,0.16512217621803282,0.9517,2,SGD,0.01,20250922_172506,comparison_hidNone_layers2_optSGD_lr0.01_20250922_172506.pkl
247,48,0.15307695862650872,0.16299007749557495,0.9519,2,SGD,0.01,20250922_172506,comparison_hidNone_layers2_optSGD_lr0.01_20250922_172506.pkl
248,49,0.15052165824174882,0.16093511329889298,0.9529,2,SGD,0.01,20250922_172506,comparison_hidNone_layers2_optSGD_lr0.01_20250922_172506.pkl
249,50,0.14801816920638083,0.1589484536409378,0.9534,2,SGD,0.01,20250922_172506,comparison_hidNone_layers2_optSGD_lr0.01_20250922_172506.pkl
250,1,2.3479150928497314,2.3353136753082278,0.098,4,SGD,0.01,20250922_173357,comparison_hidNone_layers4_optSGD_lr0.01_20250922_173357.pkl
251,2,2.3266679012298583,2.318855342102051,0.098,4,SGD,0.01,20250922_173357,comparison_hidNone_layers4_optSGD_lr0.01_20250922_173357.pkl
252,3,2.3137141334533693,2.3085881858825683,0.1135,4,SGD,0.01,20250922_173357,comparison_hidNone_layers4_optSGD_lr0.01_20250922_173357.pkl
253,4,2.305320209121704,2.3014425331115724,0.1135,4,SGD,0.01,20250922_173357,comparison_hidNone_layers4_optSGD_lr0.01_20250922_173357.pkl
254,5,2.2987651710510253,2.2946790447235106,0.1135,4,SGD,0.01,20250922_173357,comparison_hidNone_layers4_optSGD_lr0.01_20250922_173357.pkl
255,6,2.2915005393981933,2.2865156898498533,0.1135,4,SGD,0.01,20250922_173357,comparison_hidNone_layers4_optSGD_lr0.01_20250922_173357.pkl
256,7,2.2829229118347167,2.276258922958374,0.1135,4,SGD,0.01,20250922_173357,comparison_hidNone_layers4_optSGD_lr0.01_20250922_173357.pkl
257,8,2.2699093002319337,2.255642798614502,0.1848,4,SGD,0.01,20250922_173357,comparison_hidNone_layers4_optSGD_lr0.01_20250922_173357.pkl
258,9,2.233065306472778,2.1970538707733156,0.1771,4,SGD,0.01,20250922_173357,comparison_hidNone_layers4_optSGD_lr0.01_20250922_173357.pkl
259,10,2.147554690551758,2.0760592449188233,0.1852,4,SGD,0.01,20250922_173357,comparison_hidNone_layers4_optSGD_lr0.01_20250922_173357.pkl
260,11,2.01552762260437,1.9449016576766969,0.2497,4,SGD,0.01,20250922_173357,comparison_hidNone_layers4_optSGD_lr0.01_20250922_173357.pkl
261,12,1.9056155563354493,1.8496772819519043,0.2431,4,SGD,0.01,20250922_173357,comparison_hidNone_layers4_optSGD_lr0.01_20250922_173357.pkl
262,13,1.8164178806304931,1.7635275363922118,0.2784,4,SGD,0.01,20250922_173357,comparison_hidNone_layers4_optSGD_lr0.01_20250922_173357.pkl
263,14,1.7212870628356933,1.6573050281524657,0.3756,4,SGD,0.01,20250922_173357,comparison_hidNone_layers4_optSGD_lr0.01_20250922_173357.pkl
264,15,1.5852787105560302,1.4917374532699585,0.4924,4,SGD,0.01,20250922_173357,comparison_hidNone_layers4_optSGD_lr0.01_20250922_173357.pkl
265,16,1.4042850910186768,1.3141734802246094,0.5638,4,SGD,0.01,20250922_173357,comparison_hidNone_layers4_optSGD_lr0.01_20250922_173357.pkl
266,17,1.244550218772888,1.1728502017974853,0.6153,4,SGD,0.01,20250922_173357,comparison_hidNone_layers4_optSGD_lr0.01_20250922_173357.pkl
267,18,1.1224884916305542,1.0735828599929809,0.6416,4,SGD,0.01,20250922_173357,comparison_hidNone_layers4_optSGD_lr0.01_20250922_173357.pkl
268,19,1.0357111479759216,1.006563078403473,0.6699,4,SGD,0.01,20250922_173357,comparison_hidNone_layers4_optSGD_lr0.01_20250922_173357.pkl
269,20,0.9701932740211486,0.9548287468910217,0.6971,4,SGD,0.01,20250922_173357,comparison_hidNone_layers4_optSGD_lr0.01_20250922_173357.pkl
270,21,0.9167225208282471,0.9085161409378052,0.7237,4,SGD,0.01,20250922_173357,comparison_hidNone_layers4_optSGD_lr0.01_20250922_173357.pkl
271,22,0.8707705228805542,0.8681386200904846,0.7472,4,SGD,0.01,20250922_173357,comparison_hidNone_layers4_optSGD_lr0.01_20250922_173357.pkl
272,23,0.8292877556800843,0.8318103850364685,0.7702,4,SGD,0.01,20250922_173357,comparison_hidNone_layers4_optSGD_lr0.01_20250922_173357.pkl
273,24,0.7911901007652282,0.7981967787742614,0.7887,4,SGD,0.01,20250922_173357,comparison_hidNone_layers4_optSGD_lr0.01_20250922_173357.pkl
274,25,0.7553094902992249,0.7662698325157166,0.8047,4,SGD,0.01,20250922_173357,comparison_hidNone_layers4_optSGD_lr0.01_20250922_173357.pkl
275,26,0.720518532371521,0.7361119020938873,0.8199,4,SGD,0.01,20250922_173357,comparison_hidNone_layers4_optSGD_lr0.01_20250922_173357.pkl
276,27,0.6885014374732972,0.709029370880127,0.8304,4,SGD,0.01,20250922_173357,comparison_hidNone_layers4_optSGD_lr0.01_20250922_173357.pkl
277,28,0.657925402879715,0.6839279029369354,0.8384,4,SGD,0.01,20250922_173357,comparison_hidNone_layers4_optSGD_lr0.01_20250922_173357.pkl
278,29,0.6285467545032501,0.6611976653575897,0.8446,4,SGD,0.01,20250922_173357,comparison_hidNone_layers4_optSGD_lr0.01_20250922_173357.pkl
279,30,0.6001122867584229,0.6419396077156067,0.8474,4,SGD,0.01,20250922_173357,comparison_hidNone_layers4_optSGD_lr0.01_20250922_173357.pkl
280,31,0.5724104150295257,0.6219929152965545,0.8542,4,SGD,0.01,20250922_173357,comparison_hidNone_layers4_optSGD_lr0.01_20250922_173357.pkl
281,32,0.5467816416740418,0.6038432157993316,0.8587,4,SGD,0.01,20250922_173357,comparison_hidNone_layers4_optSGD_lr0.01_20250922_173357.pkl
282,33,0.5218808550834656,0.5864617413043975,0.8639,4,SGD,0.01,20250922_173357,comparison_hidNone_layers4_optSGD_lr0.01_20250922_173357.pkl
283,34,0.4977304134368897,0.571773625946045,0.867,4,SGD,0.01,20250922_173357,comparison_hidNone_layers4_optSGD_lr0.01_20250922_173357.pkl
284,35,0.4756524600028992,0.5598781109809875,0.8723,4,SGD,0.01,20250922_173357,comparison_hidNone_layers4_optSGD_lr0.01_20250922_173357.pkl
285,36,0.45434318132400514,0.5483164904117585,0.8752,4,SGD,0.01,20250922_173357,comparison_hidNone_layers4_optSGD_lr0.01_20250922_173357.pkl
286,37,0.4337294537067413,0.5383665453910828,0.8787,4,SGD,0.01,20250922_173357,comparison_hidNone_layers4_optSGD_lr0.01_20250922_173357.pkl
287,38,0.4150685658931732,0.5292582810401917,0.8803,4,SGD,0.01,20250922_173357,comparison_hidNone_layers4_optSGD_lr0.01_20250922_173357.pkl
288,39,0.39927238252162933,0.522646007347107,0.8823,4,SGD,0.01,20250922_173357,comparison_hidNone_layers4_optSGD_lr0.01_20250922_173357.pkl
289,40,0.3813456952095032,0.5140099660873413,0.8844,4,SGD,0.01,20250922_173357,comparison_hidNone_layers4_optSGD_lr0.01_20250922_173357.pkl
290,41,0.36430239033699036,0.5096036693572998,0.8851,4,SGD,0.01,20250922_173357,comparison_hidNone_layers4_optSGD_lr0.01_20250922_173357.pkl
291,42,0.34911347527503966,0.5034280632019043,0.8865,4,SGD,0.01,20250922_173357,comparison_hidNone_layers4_optSGD_lr0.01_20250922_173357.pkl
292,43,0.33379151287078856,0.4930468327045441,0.8897,4,SGD,0.01,20250922_173357,comparison_hidNone_layers4_optSGD_lr0.01_20250922_173357.pkl
293,44,0.3206165454149246,0.49031897890567777,0.8913,4,SGD,0.01,20250922_173357,comparison_hidNone_layers4_optSGD_lr0.01_20250922_173357.pkl
294,45,0.3269710476875305,0.4855590504169464,0.8917,4,SGD,0.01,20250922_173357,comparison_hidNone_layers4_optSGD_lr0.01_20250922_173357.pkl
295,46,0.3007412279129028,0.48177114725112913,0.8929,4,SGD,0.01,20250922_173357,comparison_hidNone_layers4_optSGD_lr0.01_20250922_173357.pkl
296,47,0.28126814415454865,0.4723235147953033,0.8963,4,SGD,0.01,20250922_173357,comparison_hidNone_layers4_optSGD_lr0.01_20250922_173357.pkl
297,48,0.2699069095134735,0.46141015450954437,0.9005,4,SGD,0.01,20250922_173357,comparison_hidNone_layers4_optSGD_lr0.01_20250922_173357.pkl
298,49,0.291733788228035,0.4755776218891144,0.8971,4,SGD,0.01,20250922_173357,comparison_hidNone_layers4_optSGD_lr0.01_20250922_173357.pkl
299,50,0.2771247942686081,0.4538088861465454,0.9008,4,SGD,0.01,20250922_173357,comparison_hidNone_layers4_optSGD_lr0.01_20250922_173357.pkl
300,1,2.2896492745717367,2.257771977996826,0.2168,3,SGD,0.01,20250922_173701,comparison_hidNone_layers3_optSGD_lr0.01_20250922_173701.pkl
301,2,2.1418130000432334,1.9666626857757568,0.3785,3,SGD,0.01,20250922_173701,comparison_hidNone_layers3_optSGD_lr0.01_20250922_173701.pkl
302,3,1.6275000248591105,1.1931158462524414,0.5654,3,SGD,0.01,20250922_173701,comparison_hidNone_layers3_optSGD_lr0.01_20250922_173701.pkl
303,4,0.9910638760566711,0.8467215335845947,0.6994,3,SGD,0.01,20250922_173701,comparison_hidNone_layers3_optSGD_lr0.01_20250922_173701.pkl
304,5,0.7760405877431233,0.6835736980438233,0.7799,3,SGD,0.01,20250922_173701,comparison_hidNone_layers3_optSGD_lr0.01_20250922_173701.pkl
305,6,0.6438090016682942,0.5735041836738587,0.8275,3,SGD,0.01,20250922_173701,comparison_hidNone_layers3_optSGD_lr0.01_20250922_173701.pkl
306,7,0.5495042530695597,0.4970875478744507,0.8521,3,SGD,0.01,20250922_173701,comparison_hidNone_layers3_optSGD_lr0.01_20250922_173701.pkl
307,8,0.4818080706914266,0.44426105451583864,0.8686,3,SGD,0.01,20250922_173701,comparison_hidNone_layers3_optSGD_lr0.01_20250922_173701.pkl
308,9,0.4330344730695089,0.40530216031074523,0.881,3,SGD,0.01,20250922_173701,comparison_hidNone_layers3_optSGD_lr0.01_20250922_173701.pkl
309,10,0.3958201264858246,0.37441766006946564,0.8912,3,SGD,0.01,20250922_173701,comparison_hidNone_layers3_optSGD_lr0.01_20250922_173701.pkl
310,11,0.36536473213831583,0.34872524707317354,0.8978,3,SGD,0.01,20250922_173701,comparison_hidNone_layers3_optSGD_lr0.01_20250922_173701.pkl
311,12,0.33911188406944276,0.32549343061447145,0.9052,3,SGD,0.01,20250922_173701,comparison_hidNone_layers3_optSGD_lr0.01_20250922_173701.pkl
312,13,0.3156436596552531,0.30499302434921266,0.9113,3,SGD,0.01,20250922_173701,comparison_hidNone_layers3_optSGD_lr0.01_20250922_173701.pkl
313,14,0.2941681239763896,0.28619615569114687,0.917,3,SGD,0.01,20250922_173701,comparison_hidNone_layers3_optSGD_lr0.01_20250922_173701.pkl
314,15,0.27451711042722066,0.26909345545768737,0.9223,3,SGD,0.01,20250922_173701,comparison_hidNone_layers3_optSGD_lr0.01_20250922_173701.pkl
315,16,0.25638913254737855,0.2536046554327011,0.927,3,SGD,0.01,20250922_173701,comparison_hidNone_layers3_optSGD_lr0.01_20250922_173701.pkl
316,17,0.2396999231338501,0.2392876808166504,0.9312,3,SGD,0.01,20250922_173701,comparison_hidNone_layers3_optSGD_lr0.01_20250922_173701.pkl
317,18,0.22423754302660623,0.22633702934980393,0.9357,3,SGD,0.01,20250922_173701,comparison_hidNone_layers3_optSGD_lr0.01_20250922_173701.pkl
318,19,0.21001233955224355,0.21376402450799942,0.9391,3,SGD,0.01,20250922_173701,comparison_hidNone_layers3_optSGD_lr0.01_20250922_173701.pkl
319,20,0.1970464596350988,0.20254051675796508,0.9426,3,SGD,0.01,20250922_173701,comparison_hidNone_layers3_optSGD_lr0.01_20250922_173701.pkl
320,21,0.18529512697855632,0.19188154822587966,0.9451,3,SGD,0.01,20250922_173701,comparison_hidNone_layers3_optSGD_lr0.01_20250922_173701.pkl
321,22,0.17476858491897582,0.1823180167555809,0.9483,3,SGD,0.01,20250922_173701,comparison_hidNone_layers3_optSGD_lr0.01_20250922_173701.pkl
322,23,0.1653503158092499,0.17375028062462808,0.9506,3,SGD,0.01,20250922_173701,comparison_hidNone_layers3_optSGD_lr0.01_20250922_173701.pkl
323,24,0.15689418968359628,0.1662175401508808,0.9522,3,SGD,0.01,20250922_173701,comparison_hidNone_layers3_optSGD_lr0.01_20250922_173701.pkl
324,25,0.14927315576076508,0.15911205664873124,0.9543,3,SGD,0.01,20250922_173701,comparison_hidNone_layers3_optSGD_lr0.01_20250922_173701.pkl
325,26,0.1424381251811981,0.1528469578564167,0.9558,3,SGD,0.01,20250922_173701,comparison_hidNone_layers3_optSGD_lr0.01_20250922_173701.pkl
326,27,0.13622494685252506,0.14729446792006493,0.9577,3,SGD,0.01,20250922_173701,comparison_hidNone_layers3_optSGD_lr0.01_20250922_173701.pkl
327,28,0.1305733287970225,0.1423509761929512,0.9591,3,SGD,0.01,20250922_173701,comparison_hidNone_layers3_optSGD_lr0.01_20250922_173701.pkl
328,29,0.12537159115473429,0.1380099779635668,0.9601,3,SGD,0.01,20250922_173701,comparison_hidNone_layers3_optSGD_lr0.01_20250922_173701.pkl
329,30,0.12056409194866816,0.13407891695797444,0.9607,3,SGD,0.01,20250922_173701,comparison_hidNone_layers3_optSGD_lr0.01_20250922_173701.pkl
330,31,0.11612114075819652,0.13062431682944298,0.9613,3,SGD,0.01,20250922_173701,comparison_hidNone_layers3_optSGD_lr0.01_20250922_173701.pkl
331,32,0.11198933387994767,0.12743842415511608,0.9627,3,SGD,0.01,20250922_173701,comparison_hidNone_layers3_optSGD_lr0.01_20250922_173701.pkl
332,33,0.10810736911694209,0.12460462455749512,0.9631,3,SGD,0.01,20250922_173701,comparison_hidNone_layers3_optSGD_lr0.01_20250922_173701.pkl
333,34,0.10444283341169357,0.12207905033528804,0.9638,3,SGD,0.01,20250922_173701,comparison_hidNone_layers3_optSGD_lr0.01_20250922_173701.pkl
334,35,0.10099708336393039,0.11960159467607737,0.9648,3,SGD,0.01,20250922_173701,comparison_hidNone_layers3_optSGD_lr0.01_20250922_173701.pkl
335,36,0.09775462268392245,0.11743204928934574,0.9655,3,SGD,0.01,20250922_173701,comparison_hidNone_layers3_optSGD_lr0.01_20250922_173701.pkl
336,37,0.09469881819287936,0.11538491002768278,0.9659,3,SGD,0.01,20250922_173701,comparison_hidNone_layers3_optSGD_lr0.01_20250922_173701.pkl
337,38,0.09177554689447084,0.113653693908453,0.9667,3,SGD,0.01,20250922_173701,comparison_hidNone_layers3_optSGD_lr0.01_20250922_173701.pkl
338,39,0.08901498629450798,0.11187597938030958,0.967,3,SGD,0.01,20250922_173701,comparison_hidNone_layers3_optSGD_lr0.01_20250922_173701.pkl
339,40,0.08637043363054593,0.11035107685178518,0.9677,3,SGD,0.01,20250922_173701,comparison_hidNone_layers3_optSGD_lr0.01_20250922_173701.pkl
340,41,0.08383655882279079,0.10892068454027176,0.968,3,SGD,0.01,20250922_173701,comparison_hidNone_layers3_optSGD_lr0.01_20250922_173701.pkl
341,42,0.08144111825227737,0.10756257439255715,0.9682,3,SGD,0.01,20250922_173701,comparison_hidNone_layers3_optSGD_lr0.01_20250922_173701.pkl
342,43,0.0791240473806858,0.10636491977423429,0.9683,3,SGD,0.01,20250922_173701,comparison_hidNone_layers3_optSGD_lr0.01_20250922_173701.pkl
343,44,0.07691580527027449,0.10532948604077101,0.9685,3,SGD,0.01,20250922_173701,comparison_hidNone_layers3_optSGD_lr0.01_20250922_173701.pkl
344,45,0.07480012857516606,0.10416083674132824,0.9693,3,SGD,0.01,20250922_173701,comparison_hidNone_layers3_optSGD_lr0.01_20250922_173701.pkl
345,46,0.07273884756366412,0.10346234033778309,0.97,3,SGD,0.01,20250922_173701,comparison_hidNone_layers3_optSGD_lr0.01_20250922_173701.pkl
346,47,0.07078299802740415,0.10257099083289505,0.9703,3,SGD,0.01,20250922_173701,comparison_hidNone_layers3_optSGD_lr0.01_20250922_173701.pkl
347,48,0.06886918126543363,0.10189289110675454,0.9705,3,SGD,0.01,20250922_173701,comparison_hidNone_layers3_optSGD_lr0.01_20250922_173701.pkl
348,49,0.06702419011294841,0.1010479449108243,0.9707,3,SGD,0.01,20250922_173701,comparison_hidNone_layers3_optSGD_lr0.01_20250922_173701.pkl
349,50,0.06523707271913687,0.10047495993152261,0.9709,3,SGD,0.01,20250922_173701,comparison_hidNone_layers3_optSGD_lr0.01_20250922_173701.pkl
350,1,2.2514037757873537,2.165126425933838,0.5039,2,SGD,0.01,20250922_172726,comparison_hidNone_layers2_optSGD_lr0.01_20250922_172726.pkl
351,2,1.9529159315109252,1.6255872987747193,0.6043,2,SGD,0.01,20250922_172726,comparison_hidNone_layers2_optSGD_lr0.01_20250922_172726.pkl
352,3,1.264008102798462,0.9472429531097412,0.7388,2,SGD,0.01,20250922_172726,comparison_hidNone_layers2_optSGD_lr0.01_20250922_172726.pkl
353,4,0.7921077293395996,0.65705475730896,0.8126,2,SGD,0.01,20250922_172726,comparison_hidNone_layers2_optSGD_lr0.01_20250922_172726.pkl
354,5,0.5978045302391052,0.5345798910140991,0.8432,2,SGD,0.01,20250922_172726,comparison_hidNone_layers2_optSGD_lr0.01_20250922_172726.pkl
355,6,0.5077102087020874,0.46916511459350585,0.8629,2,SGD,0.01,20250922_172726,comparison_hidNone_layers2_optSGD_lr0.01_20250922_172726.pkl
356,7,0.4536348272323608,0.42558942456245424,0.876,2,SGD,0.01,20250922_172726,comparison_hidNone_layers2_optSGD_lr0.01_20250922_172726.pkl
357,8,0.41637987360954287,0.39441844491958616,0.8862,2,SGD,0.01,20250922_172726,comparison_hidNone_layers2_optSGD_lr0.01_20250922_172726.pkl
358,9,0.38950683641433714,0.3716455468893051,0.8922,2,SGD,0.01,20250922_172726,comparison_hidNone_layers2_optSGD_lr0.01_20250922_172726.pkl
359,10,0.3694622242927551,0.3543622653007507,0.8972,2,SGD,0.01,20250922_172726,comparison_hidNone_layers2_optSGD_lr0.01_20250922_172726.pkl
360,11,0.353897113609314,0.34072387018203737,0.901,2,SGD,0.01,20250922_172726,comparison_hidNone_layers2_optSGD_lr0.01_20250922_172726.pkl
361,12,0.34124133675098417,0.3295019298791885,0.9042,2,SGD,0.01,20250922_172726,comparison_hidNone_layers2_optSGD_lr0.01_20250922_172726.pkl
362,13,0.3305471996545792,0.3200057532310486,0.9068,2,SGD,0.01,20250922_172726,comparison_hidNone_layers2_optSGD_lr0.01_20250922_172726.pkl
363,14,0.3212117998600006,0.3116857726573944,0.9093,2,SGD,0.01,20250922_172726,comparison_hidNone_layers2_optSGD_lr0.01_20250922_172726.pkl
364,15,0.3128013777256012,0.30410892205238343,0.9121,2,SGD,0.01,20250922_172726,comparison_hidNone_layers2_optSGD_lr0.01_20250922_172726.pkl
365,16,0.30509228391647336,0.297166001367569,0.9142,2,SGD,0.01,20250922_172726,comparison_hidNone_layers2_optSGD_lr0.01_20250922_172726.pkl
366,17,0.29790736112594607,0.29072587208747863,0.9161,2,SGD,0.01,20250922_172726,comparison_hidNone_layers2_optSGD_lr0.01_20250922_172726.pkl
367,18,0.2911188137292862,0.2847031088113785,0.9173,2,SGD,0.01,20250922_172726,comparison_hidNone_layers2_optSGD_lr0.01_20250922_172726.pkl
368,19,0.28465013699531555,0.2790125142812729,0.9189,2,SGD,0.01,20250922_172726,comparison_hidNone_layers2_optSGD_lr0.01_20250922_172726.pkl
369,20,0.2784588077545166,0.2735370123624802,0.921,2,SGD,0.01,20250922_172726,comparison_hidNone_layers2_optSGD_lr0.01_20250922_172726.pkl
370,21,0.27247462227344516,0.2682532709479332,0.9227,2,SGD,0.01,20250922_172726,comparison_hidNone_layers2_optSGD_lr0.01_20250922_172726.pkl
371,22,0.2666803888082504,0.26316803135871886,0.9236,2,SGD,0.01,20250922_172726,comparison_hidNone_layers2_optSGD_lr0.01_20250922_172726.pkl
372,23,0.2610562981367111,0.25822968575954436,0.9252,2,SGD,0.01,20250922_172726,comparison_hidNone_layers2_optSGD_lr0.01_20250922_172726.pkl
373,24,0.25556472232341765,0.25335637509822845,0.9272,2,SGD,0.01,20250922_172726,comparison_hidNone_layers2_optSGD_lr0.01_20250922_172726.pkl
374,25,0.2502078080892563,0.24863172997236252,0.928,2,SGD,0.01,20250922_172726,comparison_hidNone_layers2_optSGD_lr0.01_20250922_172726.pkl
375,26,0.2449657503604889,0.24405134600400924,0.9295,2,SGD,0.01,20250922_172726,comparison_hidNone_layers2_optSGD_lr0.01_20250922_172726.pkl
376,27,0.2398365175962448,0.23952899218797682,0.931,2,SGD,0.01,20250922_172726,comparison_hidNone_layers2_optSGD_lr0.01_20250922_172726.pkl
377,28,0.23479136445522308,0.23514262219667434,0.9316,2,SGD,0.01,20250922_172726,comparison_hidNone_layers2_optSGD_lr0.01_20250922_172726.pkl
378,29,0.22981247943639754,0.23084685039520264,0.9327,2,SGD,0.01,20250922_172726,comparison_hidNone_layers2_optSGD_lr0.01_20250922_172726.pkl
379,30,0.2249650614261627,0.22666045649051667,0.9337,2,SGD,0.01,20250922_172726,comparison_hidNone_layers2_optSGD_lr0.01_20250922_172726.pkl
380,31,0.22024795668125152,0.22257585130929947,0.935,2,SGD,0.01,20250922_172726,comparison_hidNone_layers2_optSGD_lr0.01_20250922_172726.pkl
381,32,0.21566077466011047,0.21854184120893477,0.9358,2,SGD,0.01,20250922_172726,comparison_hidNone_layers2_optSGD_lr0.01_20250922_172726.pkl
382,33,0.2112066588997841,0.21472166175842286,0.9368,2,SGD,0.01,20250922_172726,comparison_hidNone_layers2_optSGD_lr0.01_20250922_172726.pkl
383,34,0.20689025466442107,0.21102215839624405,0.9377,2,SGD,0.01,20250922_172726,comparison_hidNone_layers2_optSGD_lr0.01_20250922_172726.pkl
384,35,0.20270515133142472,0.20744471975564957,0.9386,2,SGD,0.01,20250922_172726,comparison_hidNone_layers2_optSGD_lr0.01_20250922_172726.pkl
385,36,0.1986205508351326,0.20400338847637176,0.9399,2,SGD,0.01,20250922_172726,comparison_hidNone_layers2_optSGD_lr0.01_20250922_172726.pkl
386,37,0.19464126619100572,0.20071995623111724,0.9412,2,SGD,0.01,20250922_172726,comparison_hidNone_layers2_optSGD_lr0.01_20250922_172726.pkl
387,38,0.19077619998455048,0.19753311364650727,0.9417,2,SGD,0.01,20250922_172726,comparison_hidNone_layers2_optSGD_lr0.01_20250922_172726.pkl
388,39,0.18703583623170852,0.19441358820199967,0.9427,2,SGD,0.01,20250922_172726,comparison_hidNone_layers2_optSGD_lr0.01_20250922_172726.pkl
389,40,0.18341694123744964,0.19137167546749115,0.9438,2,SGD,0.01,20250922_172726,comparison_hidNone_layers2_optSGD_lr0.01_20250922_172726.pkl
390,41,0.17990913574695588,0.18845459143519402,0.9447,2,SGD,0.01,20250922_172726,comparison_hidNone_layers2_optSGD_lr0.01_20250922_172726.pkl
391,42,0.1765040668964386,0.18566797657608985,0.9453,2,SGD,0.01,20250922_172726,comparison_hidNone_layers2_optSGD_lr0.01_20250922_172726.pkl
392,43,0.17319148584604263,0.18290570821166038,0.9459,2,SGD,0.01,20250922_172726,comparison_hidNone_layers2_optSGD_lr0.01_20250922_172726.pkl
393,44,0.16996832543611526,0.18027886116504668,0.9462,2,SGD,0.01,20250922_172726,comparison_hidNone_layers2_optSGD_lr0.01_20250922_172726.pkl
394,45,0.16684554979801178,0.17780260527729988,0.9476,2,SGD,0.01,20250922_172726,comparison_hidNone_layers2_optSGD_lr0.01_20250922_172726.pkl
395,46,0.1638067778110504,0.17538438423871994,0.9486,2,SGD,0.01,20250922_172726,comparison_hidNone_layers2_optSGD_lr0.01_20250922_172726.pkl
396,47,0.1608552255153656,0.17306196695566178,0.949,2,SGD,0.01,20250922_172726,comparison_hidNone_layers2_optSGD_lr0.01_20250922_172726.pkl
397,48,0.15797591243982315,0.1707911302804947,0.9494,2,SGD,0.01,20250922_172726,comparison_hidNone_layers2_optSGD_lr0.01_20250922_172726.pkl
398,49,0.15517524042129516,0.16860105970501899,0.9499,2,SGD,0.01,20250922_172726,comparison_hidNone_layers2_optSGD_lr0.01_20250922_172726.pkl
399,50,0.15244181649684907,0.16646341546177865,0.9502,2,SGD,0.01,20250922_172726,comparison_hidNone_layers2_optSGD_lr0.01_20250922_172726.pkl
400,1,2.296864377975464,2.2865968704223634,0.1608,3,SGD,0.01,20250922_173049,comparison_hidNone_layers3_optSGD_lr0.01_20250922_173049.pkl
401,2,2.2677425842285155,2.238203709411621,0.3089,3,SGD,0.01,20250922_173049,comparison_hidNone_layers3_optSGD_lr0.01_20250922_173049.pkl
402,3,2.1762686851501463,2.0894869972229,0.2941,3,SGD,0.01,20250922_173049,comparison_hidNone_layers3_optSGD_lr0.01_20250922_173049.pkl
403,4,1.961775046157837,1.8040998893737792,0.4759,3,SGD,0.01,20250922_173049,comparison_hidNone_layers3_optSGD_lr0.01_20250922_173049.pkl
404,5,1.5778048774719238,1.3055586788177491,0.6251,3,SGD,0.01,20250922_173049,comparison_hidNone_layers3_optSGD_lr0.01_20250922_173049.pkl
405,6,1.0256901282310487,0.8035368788719177,0.7725,3,SGD,0.01,20250922_173049,comparison_hidNone_layers3_optSGD_lr0.01_20250922_173049.pkl
406,7,0.6956261249542236,0.6235015901565552,0.8174,3,SGD,0.01,20250922_173049,comparison_hidNone_layers3_optSGD_lr0.01_20250922_173049.pkl
407,8,0.5790551338195801,0.5489393716335297,0.8404,3,SGD,0.01,20250922_173049,comparison_hidNone_layers3_optSGD_lr0.01_20250922_173049.pkl
408,9,0.5218540851593018,0.5053275338172912,0.8542,3,SGD,0.01,20250922_173049,comparison_hidNone_layers3_optSGD_lr0.01_20250922_173049.pkl
409,10,0.4834575002193451,0.4734808018684387,0.8636,3,SGD,0.01,20250922_173049,comparison_hidNone_layers3_optSGD_lr0.01_20250922_173049.pkl
410,11,0.4537898422241211,0.4475456082820892,0.871,3,SGD,0.01,20250922_173049,comparison_hidNone_layers3_optSGD_lr0.01_20250922_173049.pkl
411,12,0.4290979070186615,0.42507103934288026,0.8786,3,SGD,0.01,20250922_173049,comparison_hidNone_layers3_optSGD_lr0.01_20250922_173049.pkl
412,13,0.40773453249931335,0.40500595307350157,0.8847,3,SGD,0.01,20250922_173049,comparison_hidNone_layers3_optSGD_lr0.01_20250922_173049.pkl
413,14,0.38859461908340454,0.38676800756454466,0.8883,3,SGD,0.01,20250922_173049,comparison_hidNone_layers3_optSGD_lr0.01_20250922_173049.pkl
414,15,0.3709215803623199,0.37004926929473875,0.8951,3,SGD,0.01,20250922_173049,comparison_hidNone_layers3_optSGD_lr0.01_20250922_173049.pkl
415,16,0.35444764404296875,0.3538220323562622,0.8998,3,SGD,0.01,20250922_173049,comparison_hidNone_layers3_optSGD_lr0.01_20250922_173049.pkl
416,17,0.33901921610832214,0.33890589451789854,0.9033,3,SGD,0.01,20250922_173049,comparison_hidNone_layers3_optSGD_lr0.01_20250922_173049.pkl
417,18,0.32452371723651885,0.3244389768600464,0.9084,3,SGD,0.01,20250922_173049,comparison_hidNone_layers3_optSGD_lr0.01_20250922_173049.pkl
418,19,0.3109018307685852,0.31120780544281007,0.9132,3,SGD,0.01,20250922_173049,comparison_hidNone_layers3_optSGD_lr0.01_20250922_173049.pkl
419,20,0.29812571256160736,0.2987916310787201,0.9155,3,SGD,0.01,20250922_173049,comparison_hidNone_layers3_optSGD_lr0.01_20250922_173049.pkl
420,21,0.2860364089488983,0.2873798794746399,0.9191,3,SGD,0.01,20250922_173049,comparison_hidNone_layers3_optSGD_lr0.01_20250922_173049.pkl
421,22,0.27461179020404813,0.276462477684021,0.9221,3,SGD,0.01,20250922_173049,comparison_hidNone_layers3_optSGD_lr0.01_20250922_173049.pkl
422,23,0.2638732531785965,0.26614746301174164,0.9254,3,SGD,0.01,20250922_173049,comparison_hidNone_layers3_optSGD_lr0.01_20250922_173049.pkl
423,24,0.25374707798957824,0.2563165628194809,0.9282,3,SGD,0.01,20250922_173049,comparison_hidNone_layers3_optSGD_lr0.01_20250922_173049.pkl
424,25,0.2442646811723709,0.24743477506637573,0.9312,3,SGD,0.01,20250922_173049,comparison_hidNone_layers3_optSGD_lr0.01_20250922_173049.pkl
425,26,0.2353518108844757,0.23913343259096145,0.9333,3,SGD,0.01,20250922_173049,comparison_hidNone_layers3_optSGD_lr0.01_20250922_173049.pkl
426,27,0.2269298787355423,0.2314396921634674,0.9352,3,SGD,0.01,20250922_173049,comparison_hidNone_layers3_optSGD_lr0.01_20250922_173049.pkl
427,28,0.2189990522623062,0.22424516957998275,0.9372,3,SGD,0.01,20250922_173049,comparison_hidNone_layers3_optSGD_lr0.01_20250922_173049.pkl
428,29,0.2115015111207962,0.21748037481307983,0.9389,3,SGD,0.01,20250922_173049,comparison_hidNone_layers3_optSGD_lr0.01_20250922_173049.pkl
429,30,0.20444184490442277,0.21132211833000183,0.9406,3,SGD,0.01,20250922_173049,comparison_hidNone_layers3_optSGD_lr0.01_20250922_173049.pkl
430,31,0.19781908893585204,0.20548021724224091,0.9421,3,SGD,0.01,20250922_173049,comparison_hidNone_layers3_optSGD_lr0.01_20250922_173049.pkl
431,32,0.19149406155347823,0.20027357176542282,0.9433,3,SGD,0.01,20250922_173049,comparison_hidNone_layers3_optSGD_lr0.01_20250922_173049.pkl
432,33,0.18548627660274505,0.19526910889148713,0.9443,3,SGD,0.01,20250922_173049,comparison_hidNone_layers3_optSGD_lr0.01_20250922_173049.pkl
433,34,0.17976450986862183,0.19056063876152038,0.9454,3,SGD,0.01,20250922_173049,comparison_hidNone_layers3_optSGD_lr0.01_20250922_173049.pkl
434,35,0.17430589250326156,0.18617431221604347,0.9471,3,SGD,0.01,20250922_173049,comparison_hidNone_layers3_optSGD_lr0.01_20250922_173049.pkl
435,36,0.16908565878868104,0.1819511105298996,0.9477,3,SGD,0.01,20250922_173049,comparison_hidNone_layers3_optSGD_lr0.01_20250922_173049.pkl
436,37,0.1640823786854744,0.17800887385606765,0.9489,3,SGD,0.01,20250922_173049,comparison_hidNone_layers3_optSGD_lr0.01_20250922_173049.pkl
437,38,0.15932308626174926,0.17432186460494994,0.9506,3,SGD,0.01,20250922_173049,comparison_hidNone_layers3_optSGD_lr0.01_20250922_173049.pkl
438,39,0.15475480933189392,0.17095128321647643,0.9519,3,SGD,0.01,20250922_173049,comparison_hidNone_layers3_optSGD_lr0.01_20250922_173049.pkl
439,40,0.15037233505249023,0.16779027850329875,0.9526,3,SGD,0.01,20250922_173049,comparison_hidNone_layers3_optSGD_lr0.01_20250922_173049.pkl
440,41,0.14617794120907784,0.16476021823585033,0.9534,3,SGD,0.01,20250922_173049,comparison_hidNone_layers3_optSGD_lr0.01_20250922_173049.pkl
441,42,0.14214169144034386,0.16210035879015922,0.9544,3,SGD,0.01,20250922_173049,comparison_hidNone_layers3_optSGD_lr0.01_20250922_173049.pkl
442,43,0.1382492045044899,0.15947327661812305,0.9549,3,SGD,0.01,20250922_173049,comparison_hidNone_layers3_optSGD_lr0.01_20250922_173049.pkl
443,44,0.1344909406721592,0.15699176948070526,0.956,3,SGD,0.01,20250922_173049,comparison_hidNone_layers3_optSGD_lr0.01_20250922_173049.pkl
444,45,0.13088305684924126,0.15477075290083886,0.9573,3,SGD,0.01,20250922_173049,comparison_hidNone_layers3_optSGD_lr0.01_20250922_173049.pkl
445,46,0.12741216706037523,0.15256767829358578,0.9581,3,SGD,0.01,20250922_173049,comparison_hidNone_layers3_optSGD_lr0.01_20250922_173049.pkl
446,47,0.12407117542624474,0.15042511538863182,0.9591,3,SGD,0.01,20250922_173049,comparison_hidNone_layers3_optSGD_lr0.01_20250922_173049.pkl
447,48,0.12084566693902016,0.1485826538324356,0.9595,3,SGD,0.01,20250922_173049,comparison_hidNone_layers3_optSGD_lr0.01_20250922_173049.pkl
448,49,0.11772571060061454,0.14690518908798694,0.9599,3,SGD,0.01,20250922_173049,comparison_hidNone_layers3_optSGD_lr0.01_20250922_173049.pkl
449,50,0.1147528714299202,0.1452765958338976,0.9605,3,SGD,0.01,20250922_173049,comparison_hidNone_layers3_optSGD_lr0.01_20250922_173049.pkl
450,1,1.9302211990356446,1.4342283023834228,0.7493,1,SGD,0.01,20250922_172337,comparison_hidNone_layers1_optSGD_lr0.01_20250922_172337.pkl
451,2,1.073726535129547,0.794018416595459,0.8268,1,SGD,0.01,20250922_172337,comparison_hidNone_layers1_optSGD_lr0.01_20250922_172337.pkl
452,3,0.6963585635185242,0.5864346140384674,0.8621,1,SGD,0.01,20250922_172337,comparison_hidNone_layers1_optSGD_lr0.01_20250922_172337.pkl
453,4,0.5564231153964996,0.49282435550689696,0.88,1,SGD,0.01,20250922_172337,comparison_hidNone_layers1_optSGD_lr0.01_20250922_172337.pkl
454,5,0.4849520968437195,0.4399356919288635,0.8886,1,SGD,0.01,20250922_172337,comparison_hidNone_layers1_optSGD_lr0.01_20250922_172337.pkl
455,6,0.4415604518890381,0.4061562054634094,0.8948,1,SGD,0.01,20250922_172337,comparison_hidNone_layers1_optSGD_lr0.01_20250922_172337.pkl
456,7,0.4123559583187103,0.38269530050754547,0.8988,1,SGD,0.01,20250922_172337,comparison_hidNone_layers1_optSGD_lr0.01_20250922_172337.pkl
457,8,0.39116817121505737,0.3653200982570648,0.9015,1,SGD,0.01,20250922_172337,comparison_hidNone_layers1_optSGD_lr0.01_20250922_172337.pkl
458,9,0.3748703392028809,0.3517747354507446,0.904,1,SGD,0.01,20250922_172337,comparison_hidNone_layers1_optSGD_lr0.01_20250922_172337.pkl
459,10,0.3617413091659546,0.3407345770835876,0.9064,1,SGD,0.01,20250922_172337,comparison_hidNone_layers1_optSGD_lr0.01_20250922_172337.pkl
460,11,0.35076654765605925,0.3314371105909348,0.9082,1,SGD,0.01,20250922_172337,comparison_hidNone_layers1_optSGD_lr0.01_20250922_172337.pkl
461,12,0.34132322447299956,0.32338715326786044,0.9098,1,SGD,0.01,20250922_172337,comparison_hidNone_layers1_optSGD_lr0.01_20250922_172337.pkl
462,13,0.33298249592781065,0.31628171858787535,0.9116,1,SGD,0.01,20250922_172337,comparison_hidNone_layers1_optSGD_lr0.01_20250922_172337.pkl
463,14,0.3254793405532837,0.30990766463279723,0.9136,1,SGD,0.01,20250922_172337,comparison_hidNone_layers1_optSGD_lr0.01_20250922_172337.pkl
464,15,0.3186476567745209,0.30409216933250427,0.9153,1,SGD,0.01,20250922_172337,comparison_hidNone_layers1_optSGD_lr0.01_20250922_172337.pkl
465,16,0.31235243656635286,0.2987243731737137,0.9163,1,SGD,0.01,20250922_172337,comparison_hidNone_layers1_optSGD_lr0.01_20250922_172337.pkl
466,17,0.3064743996143341,0.2936996945619583,0.9179,1,SGD,0.01,20250922_172337,comparison_hidNone_layers1_optSGD_lr0.01_20250922_172337.pkl
467,18,0.30092940475940705,0.2889693111419678,0.9193,1,SGD,0.01,20250922_172337,comparison_hidNone_layers1_optSGD_lr0.01_20250922_172337.pkl
468,19,0.2956669732570648,0.2845130701780319,0.9207,1,SGD,0.01,20250922_172337,comparison_hidNone_layers1_optSGD_lr0.01_20250922_172337.pkl
469,20,0.2906583805799484,0.2802650519132614,0.9219,1,SGD,0.01,20250922_172337,comparison_hidNone_layers1_optSGD_lr0.01_20250922_172337.pkl
470,21,0.285873167848587,0.276205211853981,0.9232,1,SGD,0.01,20250922_172337,comparison_hidNone_layers1_optSGD_lr0.01_20250922_172337.pkl
471,22,0.2812953005075455,0.2723072711467743,0.9239,1,SGD,0.01,20250922_172337,comparison_hidNone_layers1_optSGD_lr0.01_20250922_172337.pkl
472,23,0.2768961508274078,0.268560897731781,0.9251,1,SGD,0.01,20250922_172337,comparison_hidNone_layers1_optSGD_lr0.01_20250922_172337.pkl
473,24,0.2726582861661911,0.2649570324420929,0.9258,1,SGD,0.01,20250922_172337,comparison_hidNone_layers1_optSGD_lr0.01_20250922_172337.pkl
474,25,0.268551278591156,0.26145535340309145,0.9269,1,SGD,0.01,20250922_172337,comparison_hidNone_layers1_optSGD_lr0.01_20250922_172337.pkl
475,26,0.26458001372814177,0.2580587799549103,0.9276,1,SGD,0.01,20250922_172337,comparison_hidNone_layers1_optSGD_lr0.01_20250922_172337.pkl
476,27,0.2607249286651611,0.2547622896075249,0.9282,1,SGD,0.01,20250922_172337,comparison_hidNone_layers1_optSGD_lr0.01_20250922_172337.pkl
477,28,0.2569876529693603,0.2515682261109352,0.9289,1,SGD,0.01,20250922_172337,comparison_hidNone_layers1_optSGD_lr0.01_20250922_172337.pkl
478,29,0.25335902564525603,0.24846079201698304,0.9294,1,SGD,0.01,20250922_172337,comparison_hidNone_layers1_optSGD_lr0.01_20250922_172337.pkl
479,30,0.24984682464599609,0.245437569463253,0.9309,1,SGD,0.01,20250922_172337,comparison_hidNone_layers1_optSGD_lr0.01_20250922_172337.pkl
480,31,0.24643582241535186,0.2425022180199623,0.9315,1,SGD,0.01,20250922_172337,comparison_hidNone_layers1_optSGD_lr0.01_20250922_172337.pkl
481,32,0.24312680807113649,0.23963273724317552,0.9325,1,SGD,0.01,20250922_172337,comparison_hidNone_layers1_optSGD_lr0.01_20250922_172337.pkl
482,33,0.23991146535873414,0.23685104731321335,0.9329,1,SGD,0.01,20250922_172337,comparison_hidNone_layers1_optSGD_lr0.01_20250922_172337.pkl
483,34,0.23678881187438966,0.23413836097717286,0.9335,1,SGD,0.01,20250922_172337,comparison_hidNone_layers1_optSGD_lr0.01_20250922_172337.pkl
484,35,0.23374425547122954,0.23150803366899492,0.9341,1,SGD,0.01,20250922_172337,comparison_hidNone_layers1_optSGD_lr0.01_20250922_172337.pkl
485,36,0.23077682161331176,0.22894501457214356,0.9343,1,SGD,0.01,20250922_172337,comparison_hidNone_layers1_optSGD_lr0.01_20250922_172337.pkl
486,37,0.22787650073766708,0.22644369628429412,0.9354,1,SGD,0.01,20250922_172337,comparison_hidNone_layers1_optSGD_lr0.01_20250922_172337.pkl
487,38,0.22504663910865783,0.22401576375961305,0.9355,1,SGD,0.01,20250922_172337,comparison_hidNone_layers1_optSGD_lr0.01_20250922_172337.pkl
488,39,0.22228505581617355,0.22164783573150634,0.9365,1,SGD,0.01,20250922_172337,comparison_hidNone_layers1_optSGD_lr0.01_20250922_172337.pkl
489,40,0.2195950806617737,0.21932768021821974,0.937,1,SGD,0.01,20250922_172337,comparison_hidNone_layers1_optSGD_lr0.01_20250922_172337.pkl
490,41,0.21697574055194854,0.2170822096467018,0.9378,1,SGD,0.01,20250922_172337,comparison_hidNone_layers1_optSGD_lr0.01_20250922_172337.pkl
491,42,0.21441910271644593,0.21488271106481552,0.9387,1,SGD,0.01,20250922_172337,comparison_hidNone_layers1_optSGD_lr0.01_20250922_172337.pkl
492,43,0.21191989395618438,0.2127436206817627,0.9389,1,SGD,0.01,20250922_172337,comparison_hidNone_layers1_optSGD_lr0.01_20250922_172337.pkl
493,44,0.2094734869480133,0.21065077055692671,0.9398,1,SGD,0.01,20250922_172337,comparison_hidNone_layers1_optSGD_lr0.01_20250922_172337.pkl
494,45,0.20708303371667863,0.20859960119724275,0.9404,1,SGD,0.01,20250922_172337,comparison_hidNone_layers1_optSGD_lr0.01_20250922_172337.pkl
495,46,0.20474238250255586,0.20658575925827027,0.9411,1,SGD,0.01,20250922_172337,comparison_hidNone_layers1_optSGD_lr0.01_20250922_172337.pkl
496,47,0.20244412717819213,0.20462377943992616,0.9413,1,SGD,0.01,20250922_172337,comparison_hidNone_layers1_optSGD_lr0.01_20250922_172337.pkl
497,48,0.20019612356424332,0.20271002694368362,0.9419,1,SGD,0.01,20250922_172337,comparison_hidNone_layers1_optSGD_lr0.01_20250922_172337.pkl
498,49,0.19799287078380584,0.2008403836607933,0.9424,1,SGD,0.01,20250922_172337,comparison_hidNone_layers1_optSGD_lr0.01_20250922_172337.pkl
499,50,0.19583210414648056,0.1990064259648323,0.9429,1,SGD,0.01,20250922_172337,comparison_hidNone_layers1_optSGD_lr0.01_20250922_172337.pkl
500,1,1.911272463798523,1.4075635866165161,0.7577,1,SGD,0.01,20250922_172108,comparison_hidNone_layers1_optSGD_lr0.01_20250922_172108.pkl
501,2,1.0593930507659912,0.7861885469436646,0.8367,1,SGD,0.01,20250922_172108,comparison_hidNone_layers1_optSGD_lr0.01_20250922_172108.pkl
502,3,0.686889039516449,0.5797982245445251,0.8672,1,SGD,0.01,20250922_172108,comparison_hidNone_layers1_optSGD_lr0.01_20250922_172108.pkl
503,4,0.5467682975769043,0.4866416770458221,0.8807,1,SGD,0.01,20250922_172108,comparison_hidNone_layers1_optSGD_lr0.01_20250922_172108.pkl
504,5,0.4761649537086487,0.43425606698989866,0.8876,1,SGD,0.01,20250922_172108,comparison_hidNone_layers1_optSGD_lr0.01_20250922_172108.pkl
505,6,0.43373150005340577,0.40084938044548035,0.8927,1,SGD,0.01,20250922_172108,comparison_hidNone_layers1_optSGD_lr0.01_20250922_172108.pkl
506,7,0.40529809255599974,0.3776538315296173,0.8971,1,SGD,0.01,20250922_172108,comparison_hidNone_layers1_optSGD_lr0.01_20250922_172108.pkl
507,8,0.38471065990924835,0.36046459789276125,0.9001,1,SGD,0.01,20250922_172108,comparison_hidNone_layers1_optSGD_lr0.01_20250922_172108.pkl
508,9,0.3688947202682495,0.3470631268501282,0.9028,1,SGD,0.01,20250922_172108,comparison_hidNone_layers1_optSGD_lr0.01_20250922_172108.pkl
509,10,0.35617496480941774,0.33618805837631227,0.9056,1,SGD,0.01,20250922_172108,comparison_hidNone_layers1_optSGD_lr0.01_20250922_172108.pkl
510,11,0.34556413445472717,0.32707527589797974,0.9076,1,SGD,0.01,20250922_172108,comparison_hidNone_layers1_optSGD_lr0.01_20250922_172108.pkl
511,12,0.3364533059835434,0.3192439586162567,0.9098,1,SGD,0.01,20250922_172108,comparison_hidNone_layers1_optSGD_lr0.01_20250922_172108.pkl
512,13,0.3284322638750076,0.31232449221611025,0.9116,1,SGD,0.01,20250922_172108,comparison_hidNone_layers1_optSGD_lr0.01_20250922_172108.pkl
513,14,0.32122728645801546,0.30612810215950015,0.9141,1,SGD,0.01,20250922_172108,comparison_hidNone_layers1_optSGD_lr0.01_20250922_172108.pkl
514,15,0.31467229945659636,0.3005000112771988,0.9151,1,SGD,0.01,20250922_172108,comparison_hidNone_layers1_optSGD_lr0.01_20250922_172108.pkl
515,16,0.3086380348682404,0.29530405280590055,0.9167,1,SGD,0.01,20250922_172108,comparison_hidNone_layers1_optSGD_lr0.01_20250922_172108.pkl
516,17,0.30302632392644885,0.29047018864154817,0.9186,1,SGD,0.01,20250922_172108,comparison_hidNone_layers1_optSGD_lr0.01_20250922_172108.pkl
517,18,0.2977650173783302,0.28595429673194883,0.9197,1,SGD,0.01,20250922_172108,comparison_hidNone_layers1_optSGD_lr0.01_20250922_172108.pkl
518,19,0.29279009919166565,0.2816664995908737,0.9208,1,SGD,0.01,20250922_172108,comparison_hidNone_layers1_optSGD_lr0.01_20250922_172108.pkl
519,20,0.28805589579343793,0.27759126851558685,0.9222,1,SGD,0.01,20250922_172108,comparison_hidNone_layers1_optSGD_lr0.01_20250922_172108.pkl
520,21,0.28353105971813203,0.2737029706478119,0.9231,1,SGD,0.01,20250922_172108,comparison_hidNone_layers1_optSGD_lr0.01_20250922_172108.pkl
521,22,0.2792046960711479,0.2699879449605942,0.9244,1,SGD,0.01,20250922_172108,comparison_hidNone_layers1_optSGD_lr0.01_20250922_172108.pkl
522,23,0.27504564883708954,0.26641035888195036,0.9249,1,SGD,0.01,20250922_172108,comparison_hidNone_layers1_optSGD_lr0.01_20250922_172108.pkl
523,24,0.2710302902340889,0.262963236784935,0.9255,1,SGD,0.01,20250922_172108,comparison_hidNone_layers1_optSGD_lr0.01_20250922_172108.pkl
524,25,0.2671540178537369,0.25963600846529006,0.9265,1,SGD,0.01,20250922_172108,comparison_hidNone_layers1_optSGD_lr0.01_20250922_172108.pkl
525,26,0.2634158751130104,0.25641499340534213,0.9271,1,SGD,0.01,20250922_172108,comparison_hidNone_layers1_optSGD_lr0.01_20250922_172108.pkl
526,27,0.25979497224092485,0.2532717165470123,0.9279,1,SGD,0.01,20250922_172108,comparison_hidNone_layers1_optSGD_lr0.01_20250922_172108.pkl
527,28,0.2562741953611374,0.2502245022058487,0.9285,1,SGD,0.01,20250922_172108,comparison_hidNone_layers1_optSGD_lr0.01_20250922_172108.pkl
528,29,0.2528535681128502,0.2472646091103554,0.9297,1,SGD,0.01,20250922_172108,comparison_hidNone_layers1_optSGD_lr0.01_20250922_172108.pkl
529,30,0.24952596024274826,0.2443875776529312,0.9304,1,SGD,0.01,20250922_172108,comparison_hidNone_layers1_optSGD_lr0.01_20250922_172108.pkl
530,31,0.24628577663898468,0.24159312856197357,0.9315,1,SGD,0.01,20250922_172108,comparison_hidNone_layers1_optSGD_lr0.01_20250922_172108.pkl
531,32,0.24312272757291795,0.2388602661728859,0.932,1,SGD,0.01,20250922_172108,comparison_hidNone_layers1_optSGD_lr0.01_20250922_172108.pkl
532,33,0.2400334277153015,0.23619216685295105,0.9329,1,SGD,0.01,20250922_172108,comparison_hidNone_layers1_optSGD_lr0.01_20250922_172108.pkl
533,34,0.2370129077076912,0.2335777648448944,0.9331,1,SGD,0.01,20250922_172108,comparison_hidNone_layers1_optSGD_lr0.01_20250922_172108.pkl
534,35,0.23406276906728746,0.2310151666879654,0.9343,1,SGD,0.01,20250922_172108,comparison_hidNone_layers1_optSGD_lr0.01_20250922_172108.pkl
535,36,0.23117043101787568,0.22850821788311004,0.935,1,SGD,0.01,20250922_172108,comparison_hidNone_layers1_optSGD_lr0.01_20250922_172108.pkl
536,37,0.22834504647254944,0.22605511652231217,0.9358,1,SGD,0.01,20250922_172108,comparison_hidNone_layers1_optSGD_lr0.01_20250922_172108.pkl
537,38,0.22558173645734786,0.22365801049470901,0.9367,1,SGD,0.01,20250922_172108,comparison_hidNone_layers1_optSGD_lr0.01_20250922_172108.pkl
538,39,0.22288083035945894,0.2213174355149269,0.9372,1,SGD,0.01,20250922_172108,comparison_hidNone_layers1_optSGD_lr0.01_20250922_172108.pkl
539,40,0.2202397367954254,0.21901266494989396,0.9381,1,SGD,0.01,20250922_172108,comparison_hidNone_layers1_optSGD_lr0.01_20250922_172108.pkl
540,41,0.21765340025424956,0.2167764914393425,0.9391,1,SGD,0.01,20250922_172108,comparison_hidNone_layers1_optSGD_lr0.01_20250922_172108.pkl
541,42,0.2151259992837906,0.2145942784190178,0.9392,1,SGD,0.01,20250922_172108,comparison_hidNone_layers1_optSGD_lr0.01_20250922_172108.pkl
542,43,0.21265446051359177,0.21245321832895278,0.9397,1,SGD,0.01,20250922_172108,comparison_hidNone_layers1_optSGD_lr0.01_20250922_172108.pkl
543,44,0.2102300439119339,0.21034911488294603,0.9403,1,SGD,0.01,20250922_172108,comparison_hidNone_layers1_optSGD_lr0.01_20250922_172108.pkl
544,45,0.20785299726724624,0.20829704669713975,0.941,1,SGD,0.01,20250922_172108,comparison_hidNone_layers1_optSGD_lr0.01_20250922_172108.pkl
545,46,0.20552382957935333,0.20627854673862459,0.9413,1,SGD,0.01,20250922_172108,comparison_hidNone_layers1_optSGD_lr0.01_20250922_172108.pkl
546,47,0.20324032861590385,0.20428829123973846,0.9416,1,SGD,0.01,20250922_172108,comparison_hidNone_layers1_optSGD_lr0.01_20250922_172108.pkl
547,48,0.20100029007196427,0.20235126237869264,0.9423,1,SGD,0.01,20250922_172108,comparison_hidNone_layers1_optSGD_lr0.01_20250922_172108.pkl
548,49,0.19880077159404755,0.20045651262998582,0.9425,1,SGD,0.01,20250922_172108,comparison_hidNone_layers1_optSGD_lr0.01_20250922_172108.pkl
549,50,0.1966428521692753,0.198594385689497,0.943,1,SGD,0.01,20250922_172108,comparison_hidNone_layers1_optSGD_lr0.01_20250922_172108.pkl
550,1,2.2301450408935546,2.1077374084472655,0.5021,2,SGD,0.01,20250922_172626,comparison_hidNone_layers2_optSGD_lr0.01_20250922_172626.pkl
551,2,1.814582532119751,1.4041660486221315,0.7075,2,SGD,0.01,20250922_172626,comparison_hidNone_layers2_optSGD_lr0.01_20250922_172626.pkl
552,3,1.0569456220626832,0.7836950743675232,0.819,2,SGD,0.01,20250922_172626,comparison_hidNone_layers2_optSGD_lr0.01_20250922_172626.pkl
553,4,0.6675606070518494,0.5645629762172699,0.8566,2,SGD,0.01,20250922_172626,comparison_hidNone_layers2_optSGD_lr0.01_20250922_172626.pkl
554,5,0.5201653519630433,0.4676585145950317,0.875,2,SGD,0.01,20250922_172626,comparison_hidNone_layers2_optSGD_lr0.01_20250922_172626.pkl
555,6,0.4490614468574524,0.41649390373229983,0.8854,2,SGD,0.01,20250922_172626,comparison_hidNone_layers2_optSGD_lr0.01_20250922_172626.pkl
556,7,0.408558291220665,0.3857357023239136,0.8918,2,SGD,0.01,20250922_172626,comparison_hidNone_layers2_optSGD_lr0.01_20250922_172626.pkl
557,8,0.3822532514333725,0.3649331614732742,0.8973,2,SGD,0.01,20250922_172626,comparison_hidNone_layers2_optSGD_lr0.01_20250922_172626.pkl
558,9,0.3632826260089874,0.3495075506687164,0.9,2,SGD,0.01,20250922_172626,comparison_hidNone_layers2_optSGD_lr0.01_20250922_172626.pkl
559,10,0.348507226395607,0.33723401868343356,0.9033,2,SGD,0.01,20250922_172626,comparison_hidNone_layers2_optSGD_lr0.01_20250922_172626.pkl
560,11,0.3363374933242798,0.3270350910663605,0.9051,2,SGD,0.01,20250922_172626,comparison_hidNone_layers2_optSGD_lr0.01_20250922_172626.pkl
561,12,0.325876221370697,0.3181421733379364,0.9067,2,SGD,0.01,20250922_172626,comparison_hidNone_layers2_optSGD_lr0.01_20250922_172626.pkl
562,13,0.31661829220056537,0.31024361190795896,0.9086,2,SGD,0.01,20250922_172626,comparison_hidNone_layers2_optSGD_lr0.01_20250922_172626.pkl
563,14,0.30826049429178237,0.30313997292518613,0.9105,2,SGD,0.01,20250922_172626,comparison_hidNone_layers2_optSGD_lr0.01_20250922_172626.pkl
564,15,0.3005626771450043,0.2964896676540375,0.9134,2,SGD,0.01,20250922_172626,comparison_hidNone_layers2_optSGD_lr0.01_20250922_172626.pkl
565,16,0.29338704307079316,0.29026570994853973,0.9155,2,SGD,0.01,20250922_172626,comparison_hidNone_layers2_optSGD_lr0.01_20250922_172626.pkl
566,17,0.2866719556689262,0.284425342464447,0.9172,2,SGD,0.01,20250922_172626,comparison_hidNone_layers2_optSGD_lr0.01_20250922_172626.pkl
567,18,0.28030346434116366,0.2789064191102982,0.9195,2,SGD,0.01,20250922_172626,comparison_hidNone_layers2_optSGD_lr0.01_20250922_172626.pkl
568,19,0.2742445536613464,0.27365426046848296,0.9218,2,SGD,0.01,20250922_172626,comparison_hidNone_layers2_optSGD_lr0.01_20250922_172626.pkl
569,20,0.2684716458320618,0.26863690164089205,0.9228,2,SGD,0.01,20250922_172626,comparison_hidNone_layers2_optSGD_lr0.01_20250922_172626.pkl
570,21,0.26292706880569455,0.26387254085540773,0.9249,2,SGD,0.01,20250922_172626,comparison_hidNone_layers2_optSGD_lr0.01_20250922_172626.pkl
571,22,0.25761389174461363,0.2592473094701767,0.9269,2,SGD,0.01,20250922_172626,comparison_hidNone_layers2_optSGD_lr0.01_20250922_172626.pkl
572,23,0.25248852701187136,0.25480422513484957,0.9287,2,SGD,0.01,20250922_172626,comparison_hidNone_layers2_optSGD_lr0.01_20250922_172626.pkl
573,24,0.24752417534589768,0.25044548799991606,0.9296,2,SGD,0.01,20250922_172626,comparison_hidNone_layers2_optSGD_lr0.01_20250922_172626.pkl
574,25,0.24269511713981629,0.24615328767299652,0.9308,2,SGD,0.01,20250922_172626,comparison_hidNone_layers2_optSGD_lr0.01_20250922_172626.pkl
575,26,0.23799825315475465,0.2419512390255928,0.9316,2,SGD,0.01,20250922_172626,comparison_hidNone_layers2_optSGD_lr0.01_20250922_172626.pkl
576,27,0.23341901669502257,0.23788661836385727,0.9327,2,SGD,0.01,20250922_172626,comparison_hidNone_layers2_optSGD_lr0.01_20250922_172626.pkl
577,28,0.22896603337526322,0.233935138130188,0.9343,2,SGD,0.01,20250922_172626,comparison_hidNone_layers2_optSGD_lr0.01_20250922_172626.pkl
578,29,0.22461244723796844,0.2300435610294342,0.9356,2,SGD,0.01,20250922_172626,comparison_hidNone_layers2_optSGD_lr0.01_20250922_172626.pkl
579,30,0.22035479700565339,0.22621269178390502,0.9361,2,SGD,0.01,20250922_172626,comparison_hidNone_layers2_optSGD_lr0.01_20250922_172626.pkl
580,31,0.21618729110956192,0.22248716571331023,0.9372,2,SGD,0.01,20250922_172626,comparison_hidNone_layers2_optSGD_lr0.01_20250922_172626.pkl
581,32,0.21211334365010262,0.21882530536651612,0.9385,2,SGD,0.01,20250922_172626,comparison_hidNone_layers2_optSGD_lr0.01_20250922_172626.pkl
582,33,0.2081374898135662,0.21521628588438035,0.9396,2,SGD,0.01,20250922_172626,comparison_hidNone_layers2_optSGD_lr0.01_20250922_172626.pkl
583,34,0.2042638493657112,0.21175210375785827,0.9404,2,SGD,0.01,20250922_172626,comparison_hidNone_layers2_optSGD_lr0.01_20250922_172626.pkl
584,35,0.20049753806591034,0.20839781572818755,0.9409,2,SGD,0.01,20250922_172626,comparison_hidNone_layers2_optSGD_lr0.01_20250922_172626.pkl
585,36,0.1968340923666954,0.2051686276614666,0.9416,2,SGD,0.01,20250922_172626,comparison_hidNone_layers2_optSGD_lr0.01_20250922_172626.pkl
586,37,0.19324894053936004,0.20203870106339455,0.9421,2,SGD,0.01,20250922_172626,comparison_hidNone_layers2_optSGD_lr0.01_20250922_172626.pkl
587,38,0.18974349246025085,0.1989638339161873,0.9427,2,SGD,0.01,20250922_172626,comparison_hidNone_layers2_optSGD_lr0.01_20250922_172626.pkl
588,39,0.18632378913164138,0.1959709295272827,0.9431,2,SGD,0.01,20250922_172626,comparison_hidNone_layers2_optSGD_lr0.01_20250922_172626.pkl
589,40,0.18298880572319032,0.19309945739507675,0.9444,2,SGD,0.01,20250922_172626,comparison_hidNone_layers2_optSGD_lr0.01_20250922_172626.pkl
590,41,0.17974822888374328,0.19031667751073839,0.9456,2,SGD,0.01,20250922_172626,comparison_hidNone_layers2_optSGD_lr0.01_20250922_172626.pkl
591,42,0.17658413134217263,0.18759965512752533,0.9461,2,SGD,0.01,20250922_172626,comparison_hidNone_layers2_optSGD_lr0.01_20250922_172626.pkl
592,43,0.1734864028096199,0.18495931224822998,0.9469,2,SGD,0.01,20250922_172626,comparison_hidNone_layers2_optSGD_lr0.01_20250922_172626.pkl
593,44,0.17045928549170494,0.18239469326138497,0.9474,2,SGD,0.01,20250922_172626,comparison_hidNone_layers2_optSGD_lr0.01_20250922_172626.pkl
594,45,0.16750112541913986,0.17990404236912727,0.948,2,SGD,0.01,20250922_172626,comparison_hidNone_layers2_optSGD_lr0.01_20250922_172626.pkl
595,46,0.1646145247220993,0.17749925431013108,0.9485,2,SGD,0.01,20250922_172626,comparison_hidNone_layers2_optSGD_lr0.01_20250922_172626.pkl
596,47,0.16180231716036797,0.1751756860911846,0.9489,2,SGD,0.01,20250922_172626,comparison_hidNone_layers2_optSGD_lr0.01_20250922_172626.pkl
597,48,0.1590503692686558,0.1728767264008522,0.9492,2,SGD,0.01,20250922_172626,comparison_hidNone_layers2_optSGD_lr0.01_20250922_172626.pkl
598,49,0.1563546910762787,0.1706503440141678,0.9498,2,SGD,0.01,20250922_172626,comparison_hidNone_layers2_optSGD_lr0.01_20250922_172626.pkl
599,50,0.15371625196933747,0.16848781976103783,0.9502,2,SGD,0.01,20250922_172626,comparison_hidNone_layers2_optSGD_lr0.01_20250922_172626.pkl
600,1,2.3407013706207276,2.3240846908569335,0.0974,4,SGD,0.01,20250922_173520,comparison_hidNone_layers4_optSGD_lr0.01_20250922_173520.pkl
601,2,2.311565032196045,2.3015865005493166,0.0981,4,SGD,0.01,20250922_173520,comparison_hidNone_layers4_optSGD_lr0.01_20250922_173520.pkl
602,3,2.287612777709961,2.2704016960144044,0.1415,4,SGD,0.01,20250922_173520,comparison_hidNone_layers4_optSGD_lr0.01_20250922_173520.pkl
603,4,2.2257469108581542,2.159063973236084,0.1535,4,SGD,0.01,20250922_173520,comparison_hidNone_layers4_optSGD_lr0.01_20250922_173520.pkl
604,5,2.088566452026367,2.0332747749328615,0.2167,4,SGD,0.01,20250922_173520,comparison_hidNone_layers4_optSGD_lr0.01_20250922_173520.pkl
605,6,1.9986312755584716,1.9660843128204346,0.2658,4,SGD,0.01,20250922_173520,comparison_hidNone_layers4_optSGD_lr0.01_20250922_173520.pkl
606,7,1.9388742519378661,1.9068582569122314,0.2891,4,SGD,0.01,20250922_173520,comparison_hidNone_layers4_optSGD_lr0.01_20250922_173520.pkl
607,8,1.864566653060913,1.8046932386398316,0.3456,4,SGD,0.01,20250922_173520,comparison_hidNone_layers4_optSGD_lr0.01_20250922_173520.pkl
608,9,1.7332543537139893,1.6575912937164308,0.3632,4,SGD,0.01,20250922_173520,comparison_hidNone_layers4_optSGD_lr0.01_20250922_173520.pkl
609,10,1.6049182497024537,1.546209477996826,0.3796,4,SGD,0.01,20250922_173520,comparison_hidNone_layers4_optSGD_lr0.01_20250922_173520.pkl
610,11,1.515708955001831,1.4704174453735352,0.3953,4,SGD,0.01,20250922_173520,comparison_hidNone_layers4_optSGD_lr0.01_20250922_173520.pkl
611,12,1.450173131942749,1.411588847732544,0.4098,4,SGD,0.01,20250922_173520,comparison_hidNone_layers4_optSGD_lr0.01_20250922_173520.pkl
612,13,1.3933661519050597,1.3576686912536622,0.4322,4,SGD,0.01,20250922_173520,comparison_hidNone_layers4_optSGD_lr0.01_20250922_173520.pkl
613,14,1.3377722823143006,1.3055325548171997,0.47,4,SGD,0.01,20250922_173520,comparison_hidNone_layers4_optSGD_lr0.01_20250922_173520.pkl
614,15,1.2826569087028503,1.25587933883667,0.5135,4,SGD,0.01,20250922_173520,comparison_hidNone_layers4_optSGD_lr0.01_20250922_173520.pkl
615,16,1.2316091426849365,1.2119457859039307,0.5489,4,SGD,0.01,20250922_173520,comparison_hidNone_layers4_optSGD_lr0.01_20250922_173520.pkl
616,17,1.186148310470581,1.1678426609039307,0.5842,4,SGD,0.01,20250922_173520,comparison_hidNone_layers4_optSGD_lr0.01_20250922_173520.pkl
617,18,1.142720324420929,1.1269255336761475,0.6205,4,SGD,0.01,20250922_173520,comparison_hidNone_layers4_optSGD_lr0.01_20250922_173520.pkl
618,19,1.0925859541893006,1.0712639560699464,0.6664,4,SGD,0.01,20250922_173520,comparison_hidNone_layers4_optSGD_lr0.01_20250922_173520.pkl
619,20,1.0311651870727538,1.0127878700256348,0.6936,4,SGD,0.01,20250922_173520,comparison_hidNone_layers4_optSGD_lr0.01_20250922_173520.pkl
620,21,0.9725353616714477,0.9610817193984985,0.7104,4,SGD,0.01,20250922_173520,comparison_hidNone_layers4_optSGD_lr0.01_20250922_173520.pkl
621,22,0.9189920776367188,0.9102262744903564,0.7243,4,SGD,0.01,20250922_173520,comparison_hidNone_layers4_optSGD_lr0.01_20250922_173520.pkl
622,23,0.8689917602539062,0.8655278149604797,0.7381,4,SGD,0.01,20250922_173520,comparison_hidNone_layers4_optSGD_lr0.01_20250922_173520.pkl
623,24,0.8239545945167541,0.8247481731414795,0.7515,4,SGD,0.01,20250922_173520,comparison_hidNone_layers4_optSGD_lr0.01_20250922_173520.pkl
624,25,0.7849126811981201,0.7908443342208862,0.7622,4,SGD,0.01,20250922_173520,comparison_hidNone_layers4_optSGD_lr0.01_20250922_173520.pkl
625,26,0.7507148015022278,0.7604812366485596,0.7695,4,SGD,0.01,20250922_173520,comparison_hidNone_layers4_optSGD_lr0.01_20250922_173520.pkl
626,27,0.7200290022850037,0.7334341295242309,0.7749,4,SGD,0.01,20250922_173520,comparison_hidNone_layers4_optSGD_lr0.01_20250922_173520.pkl
627,28,0.6915866974830628,0.7093257953643799,0.7818,4,SGD,0.01,20250922_173520,comparison_hidNone_layers4_optSGD_lr0.01_20250922_173520.pkl
628,29,0.6653006014823913,0.6894638599395752,0.7878,4,SGD,0.01,20250922_173520,comparison_hidNone_layers4_optSGD_lr0.01_20250922_173520.pkl
629,30,0.6409378772735596,0.6716492753982544,0.7921,4,SGD,0.01,20250922_173520,comparison_hidNone_layers4_optSGD_lr0.01_20250922_173520.pkl
630,31,0.6178467705726624,0.6557984959602357,0.7963,4,SGD,0.01,20250922_173520,comparison_hidNone_layers4_optSGD_lr0.01_20250922_173520.pkl
631,32,0.596599921798706,0.6432497325897217,0.7992,4,SGD,0.01,20250922_173520,comparison_hidNone_layers4_optSGD_lr0.01_20250922_173520.pkl
632,33,0.5773651445150375,0.6326777436256409,0.802,4,SGD,0.01,20250922_173520,comparison_hidNone_layers4_optSGD_lr0.01_20250922_173520.pkl
633,34,0.5591579949378968,0.6237512391090393,0.8044,4,SGD,0.01,20250922_173520,comparison_hidNone_layers4_optSGD_lr0.01_20250922_173520.pkl
634,35,0.5426474492788315,0.6138527632713318,0.8073,4,SGD,0.01,20250922_173520,comparison_hidNone_layers4_optSGD_lr0.01_20250922_173520.pkl
635,36,0.526947989654541,0.6083771121978759,0.8088,4,SGD,0.01,20250922_173520,comparison_hidNone_layers4_optSGD_lr0.01_20250922_173520.pkl
636,37,0.5126599200487136,0.6014549663543701,0.8111,4,SGD,0.01,20250922_173520,comparison_hidNone_layers4_optSGD_lr0.01_20250922_173520.pkl
637,38,0.49857836728096006,0.5967868500709533,0.8123,4,SGD,0.01,20250922_173520,comparison_hidNone_layers4_optSGD_lr0.01_20250922_173520.pkl
638,39,0.48532631096839907,0.5899761178970336,0.8158,4,SGD,0.01,20250922_173520,comparison_hidNone_layers4_optSGD_lr0.01_20250922_173520.pkl
639,40,0.47274851953983305,0.5855085460186005,0.8158,4,SGD,0.01,20250922_173520,comparison_hidNone_layers4_optSGD_lr0.01_20250922_173520.pkl
640,41,0.46038630516529083,0.5816340146064758,0.8162,4,SGD,0.01,20250922_173520,comparison_hidNone_layers4_optSGD_lr0.01_20250922_173520.pkl
641,42,0.44880033900737765,0.5764505814552308,0.8182,4,SGD,0.01,20250922_173520,comparison_hidNone_layers4_optSGD_lr0.01_20250922_173520.pkl
642,43,0.43844262158870695,0.5715494348049164,0.8197,4,SGD,0.01,20250922_173520,comparison_hidNone_layers4_optSGD_lr0.01_20250922_173520.pkl
643,44,0.42752053945064544,0.5685218028068543,0.8196,4,SGD,0.01,20250922_173520,comparison_hidNone_layers4_optSGD_lr0.01_20250922_173520.pkl
644,45,0.4172337545871735,0.5679588257789612,0.8224,4,SGD,0.01,20250922_173520,comparison_hidNone_layers4_optSGD_lr0.01_20250922_173520.pkl
645,46,0.40781716252565386,0.5625311901092529,0.8252,4,SGD,0.01,20250922_173520,comparison_hidNone_layers4_optSGD_lr0.01_20250922_173520.pkl
646,47,0.3984766643166542,0.5538567670822143,0.8304,4,SGD,0.01,20250922_173520,comparison_hidNone_layers4_optSGD_lr0.01_20250922_173520.pkl
647,48,0.3901457837820053,0.5501112149238586,0.8334,4,SGD,0.01,20250922_173520,comparison_hidNone_layers4_optSGD_lr0.01_20250922_173520.pkl
648,49,0.3810819173693657,0.5431372512340545,0.8307,4,SGD,0.01,20250922_173520,comparison_hidNone_layers4_optSGD_lr0.01_20250922_173520.pkl
649,50,0.37305931894779204,0.5396826095581054,0.8381,4,SGD,0.01,20250922_173520,comparison_hidNone_layers4_optSGD_lr0.01_20250922_173520.pkl
